priority,issue_type,reporter,vote_count,comment_count,description_length,summary_length,watch_count,duration
Critical,Bug,scott_carey,0,2,41.0,43,2,0 days 00:11:42.315000000
Major,Bug,skye,0,6,528.0,55,6,13 days 23:36:48.400000000
Minor,Improvement,bdechoux,0,7,279.0,40,5,77 days 21:50:06.270000000
Critical,Bug,kirwin,0,4,1025.0,45,3,1 days 05:16:18.660000000
Minor,New Feature,vince83,6,4,1260.0,45,4,13 days 03:21:04.719000000
Minor,New Feature,vince83,6,4,1409.0,43,4,17 days 22:31:41.713000000
Major,Improvement,bw123,0,4,463.0,49,3,17 days 02:03:29.325000000
Major,Bug,trochee,0,6,625.0,44,4,0 days 23:38:54.608000000
Major,Improvement,hernan.otero,0,4,449.0,69,3,1 days 03:55:19.035000000
Major,Bug,massie,0,8,170.0,59,3,2 days 23:49:23.706000000
Major,Bug,cutting,0,8,161.0,46,2,1 days 21:12:00.143000000
Major,New Feature,cutting,0,3,235.0,32,2,3 days 00:47:28.846000000
Minor,Improvement,scott_carey,0,5,119.0,49,2,15 days 01:20:55.177000000
Major,Bug,scott_carey,0,4,300.0,45,2,21 days 06:13:20.199000000
Major,Bug,szesch,0,4,835.0,51,3,0 days 23:44:18.858000000
Major,Bug,szesch,0,7,424.0,41,3,1 days 03:35:00.231000000
Minor,New Feature,vince83,0,7,1206.0,51,4,4 days 05:38:12.233000000
Minor,Improvement,minaguib,0,7,171.0,72,4,3 days 14:15:23.355000000
Major,Bug,kryzthov,0,4,799.0,115,3,4 days 13:20:31.194000000
Major,Bug,cutting,0,5,221.0,60,2,6 days 04:52:33.869000000
Major,New Feature,martinkl,0,5,158.0,41,3,10 days 00:00:30.190000000
Major,Bug,martinkl,0,4,382.0,56,3,8 days 22:16:21.021000000
Minor,Improvement,sujesh.chirackkal,0,0,189.0,40,1,0 days 00:19:42.417000000
Major,Bug,drussel,0,6,186.0,61,4,69 days 20:35:20.645000000
Minor,Improvement,romixlev,0,21,562.0,51,3,32 days 23:51:24.347000000
Major,Bug,ahanna,0,1,2105.0,45,2,0 days 02:07:38.846000000
Major,Bug,cutting,0,0,139.0,54,1,0 days 05:46:10.012000000
Major,Bug,martinkl,0,4,150.0,47,3,0 days 06:54:55.145000000
Major,Bug,martinkl,0,4,440.0,41,3,0 days 07:34:33.438000000
Minor,Improvement,trochee,0,6,709.0,75,3,0 days 02:35:53.245000000
Minor,Improvement,ted.m,0,7,312.0,37,3,5 days 02:02:53.715000000
Minor,Improvement,ted.m,0,3,478.0,42,3,0 days 06:50:45.326000000
Minor,New Feature,cutting,0,5,283.0,55,2,7 days 01:23:51.095000000
Minor,Bug,ted.m,0,12,433.0,49,4,2 days 20:32:41.035000000
Major,New Feature,njw45,0,4,333.0,51,3,1 days 07:00:36.389000000
Major,Bug,esammer,0,6,779.0,53,3,1 days 20:56:34.312000000
Minor,Improvement,gareth@logicalpractice.com,0,5,265.0,65,3,0 days 02:58:05.639000000
Major,Bug,chengas123,0,5,1097.0,37,3,4 days 21:22:28.112000000
Minor,Improvement,qwertymaniac,0,1,1626.0,78,1,0 days 00:01:07.396000000
Minor,Improvement,ted.m,0,21,769.0,39,4,5 days 11:00:56.215000000
Major,Bug,ted.m,1,8,411.0,52,5,1 days 01:34:20.966000000
Major,Improvement,jadler,1,6,486.0,52,6,3 days 01:20:38.990000000
Major,Bug,brocknoland,0,8,1331.0,93,3,3 days 22:23:53.519000000
Minor,Bug,baunz,0,3,629.0,34,3,3 days 04:38:12.054000000
Major,Improvement,mic159,0,7,343.0,35,4,112 days 07:44:32.041000000
Minor,Bug,mwagner,0,1,171.0,59,2,2 days 20:58:43.982000000
Minor,Improvement,gwu,0,5,707.0,71,2,6 days 22:05:32.023000000
Major,Bug,mwagner,0,1,349.0,55,3,3 days 00:07:01.009000000
Blocker,Bug,tomwhite,1,10,177.0,57,3,4 days 23:23:42.495000000
Major,Improvement,mwagner,1,14,234.0,36,4,8 days 18:22:34.478000000
Major,Bug,mwagner,0,7,243.0,47,4,25 days 21:13:52.415000000
Major,Bug,scott_carey,0,3,1604.0,51,2,15 days 00:45:40.603000000
Trivial,Bug,logicnut,0,1,384.0,30,2,40 days 03:38:44.296000000
Trivial,Improvement,ctm,0,4,264.0,69,2,29 days 05:31:23.335000000
Major,Bug,rodrigotrujillo,0,4,1746.0,46,3,0 days 05:06:09.103000000
Major,Bug,slandelle,0,10,641.0,10,4,57 days 02:29:45.330000000
Major,Bug,pjsg,0,3,258.0,67,2,0 days 03:47:00.141000000
Major,Bug,matterhayes,0,33,1294.0,62,7,73 days 13:47:07.421000000
Major,Improvement,skye,0,9,76.0,29,5,27 days 16:54:34.671000000
Trivial,Improvement,dbeech,0,2,147.0,51,2,7 days 12:25:53.847000000
Minor,Improvement,jeffkole,0,9,582.0,52,2,9 days 23:08:32.819000000
Minor,Improvement,saden1,0,4,44.0,34,2,3 days 05:30:53.618000000
Major,Bug,cvigny,0,9,1332.0,29,2,12 days 09:08:04.374000000
Minor,New Feature,saden1,0,6,1158.0,44,2,7 days 07:05:21.030000000
Major,Improvement,skye,0,11,284.0,44,5,7 days 04:54:01.407000000
Major,Bug,saden1,0,10,174.0,47,2,12 days 06:30:55.366000000
Major,Bug,tomwhite,0,3,231.0,75,2,0 days 13:03:05.728000000
Major,Bug,kimslbing,0,8,835.0,72,2,6 days 15:49:53.073000000
Major,Bug,mpercy,0,6,279.0,70,3,96 days 18:50:58.967000000
Major,Bug,mpercy,0,5,2502.0,68,2,0 days 20:28:24.210000000
Major,New Feature,saden1,0,20,1599.0,39,4,10 days 09:36:28.869000000
Major,New Feature,saden1,0,9,1743.0,24,2,6 days 04:06:14.880000000
Minor,Bug,jeffreyt,0,8,909.0,70,2,21 days 15:04:23.103000000
Major,Bug,drussel,0,5,285.0,80,5,233 days 10:31:20.017000000
Major,Bug,viji_r,0,5,523.0,78,4,133 days 22:54:26.286000000
Trivial,Bug,martinkl,0,3,96.0,27,3,42 days 21:06:01.209000000
Major,Bug,mintman,0,3,1461.0,44,2,58 days 13:57:02.686000000
Major,Bug,sandyr,0,14,364.0,112,3,61 days 23:40:22.482000000
Minor,Bug,sl.sy.ifm,0,3,112.0,31,3,64 days 03:31:41.649000000
Major,Bug,sjoverend,2,7,2171.0,47,5,271 days 21:09:22.022000000
Minor,Bug,dbeech,0,3,415.0,62,2,2 days 12:52:58.069000000
Major,Bug,tomwhite,0,17,132.0,50,3,7 days 22:52:38.145000000
Major,Improvement,hernan.otero,0,3,1392.0,52,2,6 days 02:22:14.540000000
Minor,Bug,onetoinfinity@yahoo.com,0,1,680.0,69,2,0 days 00:22:41.164000000
Minor,Improvement,lmartinking,0,2,435.0,38,2,0 days 18:24:07.159000000
Major,Bug,jbaldassari,0,8,331.0,67,4,94 days 22:55:30.380000000
Major,Bug,jbaldassari,0,10,4674.0,85,4,83 days 20:37:13.552000000
Major,Test,martinkl,0,5,249.0,40,3,10 days 00:01:00.445000000
Major,Bug,cwsteinbach,0,5,0.0,67,4,126 days 18:51:41.997000000
Major,New Feature,tomwhite,0,37,86.0,24,7,47 days 20:18:45.920000000
Major,Improvement,cutting,0,3,143.0,35,1,3 days 23:18:25.837000000
Major,Bug,nagav.ashish,0,14,131.0,95,5,43 days 08:30:18.980000000
Minor,Bug,cconner,0,10,754.0,71,5,132 days 02:36:57.728000000
Major,Improvement,martinkl,0,6,818.0,42,2,9 days 17:25:09.547000000
Major,Improvement,cutting,0,7,349.0,40,2,35 days 22:59:53.651000000
Major,Bug,mic159,0,10,244.0,54,5,320 days 07:55:11.820000000
Major,Bug,dbeech,1,17,517.0,72,9,329 days 11:14:10.684000000
Major,Bug,tomwhite,0,8,194.0,84,4,0 days 21:16:19.341000000
Major,Bug,gffletch,0,6,875.0,57,3,3 days 00:41:41.496000000
Major,Bug,vnadkarni,0,4,1505.0,56,2,3 days 05:39:09.018000000
Trivial,Bug,vnadkarni,0,3,477.0,55,2,3 days 06:01:00.768000000
Major,Bug,mpugachev,0,4,74.0,44,3,76 days 21:08:39.723000000
Major,Bug,alexandre.normand,0,6,414.0,80,2,0 days 02:26:02.826000000
Major,Bug,lmartinking,0,7,1333.0,43,3,4 days 17:01:19.166000000
Major,Bug,lmartinking,0,2,256.0,52,2,0 days 18:30:25.909000000
Major,Bug,lmartinking,0,3,186.0,52,2,0 days 18:36:46.231000000
Minor,Improvement,onetoinfinity@yahoo.com,0,12,315.0,74,3,50 days 00:26:15.615000000
Major,Bug,karel1980,0,6,273.0,47,3,2 days 11:00:34.712000000
Major,Bug,alexandre.normand,0,9,1424.0,84,2,1 days 23:52:08.580000000
Major,Bug,cutting,0,1,190.0,38,1,0 days 00:06:59.805000000
Minor,Improvement,hshreedharan,0,6,133.0,73,2,1 days 05:09:36.856000000
Minor,Bug,gabriel.reid,0,9,294.0,48,2,9 days 23:55:08.764000000
Major,Improvement,gabriel.reid,0,3,375.0,55,2,4 days 01:55:14.623000000
Major,Bug,netvisao,0,3,742.0,55,3,157 days 22:31:15.242000000
Major,Improvement,alexandre.normand,0,10,485.0,75,2,5 days 04:04:08.976000000
Major,Bug,alexandre.normand,0,12,583.0,86,2,9 days 19:41:14.065000000
Major,Bug,alexandre.normand,0,5,3284.0,82,2,0 days 04:02:02.801000000
Major,Bug,janlugt,0,4,177.0,53,3,11 days 11:33:15.767000000
Major,Bug,mnagy,0,4,367.0,73,2,24 days 07:40:05.987000000
Major,Bug,mnagy,0,3,198.0,43,2,5 days 15:38:46.280000000
Major,Bug,janlugt,0,3,359.0,42,2,4 days 11:02:24.969000000
Minor,Improvement,lewismc,0,6,187.0,46,2,0 days 07:31:15.110000000
Major,Bug,mpugachev,0,3,285.0,61,2,31 days 07:15:10.800000000
Minor,Bug,jeremy@lewi.us,0,3,606.0,35,2,0 days 20:42:09.184000000
Major,Bug,thiru_mg,0,3,392.0,30,1,15 days 04:41:31.372000000
Major,Bug,pdlug,1,4,11762.0,55,3,124 days 21:22:45.387000000
Minor,Bug,lmoss,0,2,667.0,73,2,1 days 09:41:29.301000000
Major,Improvement,mpugachev,0,3,260.0,23,2,56 days 10:27:46.800000000
Critical,Bug,ekohlwey,0,4,1342.0,72,2,2 days 05:48:24.077000000
Major,Improvement,cutting,0,2,303.0,51,1,0 days 00:26:05.166000000
Major,Bug,stevenwillis,0,4,199.0,61,3,35 days 02:21:01.311000000
Major,Improvement,nagav.ashish,0,4,125.0,107,2,11 days 00:35:00.272000000
Major,Bug,sortega,0,11,517.0,27,2,15 days 14:28:03.416000000
Major,Bug,mpercy,0,4,1546.0,96,3,0 days 03:33:05.738000000
Major,Improvement,lmartinking,0,6,172.0,83,2,4 days 05:22:03.956000000
Major,Bug,thiru_mg,0,3,252.0,43,1,18 days 14:46:52.937000000
Critical,Bug,mpugachev,0,5,569.0,50,2,9 days 00:46:16.543000000
Major,Bug,cutting,0,1,89.0,52,1,0 days 00:01:44.005000000
Minor,Bug,matthewcmead,0,8,127.0,54,3,6 days 16:50:37.926000000
Major,Bug,hshreedharan,0,7,771.0,53,9,94 days 13:13:16.858000000
Major,Bug,spachev,0,3,235.0,59,3,10 days 23:35:59.315000000
Major,Bug,mfarnan,0,4,275.0,49,2,35 days 17:12:28.715000000
Major,New Feature,nagav.ashish,0,6,121.0,45,2,13 days 21:10:39.313000000
Major,New Feature,nagav.ashish,0,8,50.0,43,3,11 days 12:50:52.971000000
Major,New Feature,lmartinking,1,5,135.0,15,4,21 days 16:50:22.082000000
Major,Improvement,jacobmetcalf,0,10,1594.0,58,4,67 days 03:02:58.981000000
Major,Bug,mpugachev,0,2,77.0,45,2,13 days 10:58:08.258000000
Critical,Bug,mpugachev,0,10,123.0,78,3,112 days 06:57:55.374000000
Major,Bug,jojenki,0,11,1229.0,29,2,16 days 21:20:22.316000000
Major,Bug,cutting,0,3,264.0,52,2,1 days 23:40:21.300000000
Major,Bug,thiru_mg,0,4,580.0,43,3,2 days 14:49:47.171000000
Major,Bug,dcreager,0,4,318.0,41,2,0 days 00:05:11.504000000
Minor,Improvement,thiru_mg,0,1,112.0,114,1,1 days 13:53:43.045000000
Major,Bug,ekohlwey,0,9,341.0,48,2,1 days 03:32:13.766000000
Major,Bug,catalinalexandru.zamfir@gameloft.com,0,1,2511.0,72,1,1 days 03:56:09.745000000
Critical,Bug,mpugachev,0,8,176.0,56,3,4 days 03:45:24.788000000
Minor,Improvement,vnadkarni,0,3,328.0,60,2,4 days 20:46:29.871000000
Major,Bug,catalinalexandru.zamfir@gameloft.com,0,11,2023.0,88,3,3 days 08:41:29.008000000
Major,Bug,vnadkarni,0,3,1100.0,63,1,201 days 08:36:18.397000000
Major,Improvement,vnadkarni,0,6,1745.0,64,2,6 days 06:01:30.193000000
Blocker,Bug,mpugachev,0,4,833.0,64,1,9 days 01:22:10.964000000
Critical,Bug,mpugachev,0,2,197.0,58,1,8 days 03:28:12.922000000
Major,New Feature,ewhauser,0,2,99.0,21,1,4 days 17:56:06.533000000
Major,Bug,mpugachev,0,3,161.0,68,1,9 days 04:08:28.316000000
Major,Bug,mpugachev,0,5,45.0,29,1,9 days 05:15:00.006000000
Major,Bug,mpugachev,0,2,146.0,39,2,9 days 06:27:23.505000000
Major,Bug,rfuller,0,8,607.0,54,5,7 days 05:40:05.262000000
Major,Bug,kehli,0,4,1982.0,51,0,3 days 02:06:36.865000000
Minor,Improvement,nurf,0,3,844.0,47,1,11 days 19:38:42.996000000
Major,Bug,nurf,0,2,127.0,50,1,11 days 19:44:54.579000000
Major,Bug,nurf,0,2,198.0,39,1,11 days 19:40:09.259000000
Major,Bug,kaykay.unique,0,3,54.0,41,1,18 days 16:44:39.147000000
Minor,Improvement,kaykay.unique,0,1,139.0,29,0,9 days 17:12:54.159000000
Major,Improvement,hernan.otero,0,4,464.0,40,2,20 days 03:07:38.400000000
Minor,Bug,jghoman,0,2,222.0,59,0,15 days 01:26:22.632000000
Major,Bug,thiru_mg,0,3,111.0,49,0,16 days 18:45:00.362000000
Major,Bug,thomasoa,0,4,913.0,85,1,52 days 22:30:07.452000000
Major,Improvement,thiru_mg,0,3,159.0,66,0,2 days 06:41:48.156000000
Major,Bug,dlord,0,9,6603.0,115,0,22 days 18:04:02.832000000
Major,Bug,kehli,0,5,642.0,62,0,24 days 20:36:32.245000000
Major,Improvement,kevinzhao,0,4,187.0,117,1,29 days 12:50:40.801000000
Major,Improvement,kaykay.unique,0,1,308.0,29,0,1 days 00:40:16.604000000
Major,Bug,kevinzhao,0,4,142.0,67,1,34 days 19:18:21.166000000
Minor,Bug,thiru_mg,0,3,333.0,42,0,4 days 23:08:57.888000000
Major,Bug,susanths,0,1,3933.0,72,1,0 days 18:16:55.014000000
Major,New Feature,nagav.ashish,0,13,134.0,36,4,51 days 23:10:36.929000000
Major,Bug,hasghari,1,4,418.0,61,2,50 days 01:53:45.216000000
Major,Bug,abawany,0,8,708.0,81,2,56 days 06:31:47.302000000
Minor,Bug,adwkenworthy,0,3,1234.0,80,1,54 days 08:37:14.318000000
Major,Bug,dcreager,1,3,298.0,44,0,36 days 23:18:25.721000000
Minor,Bug,gabriel.reid,0,6,964.0,82,2,62 days 07:01:15.504000000
Minor,Bug,jeremy@lewi.us,0,9,1084.0,37,0,2 days 05:46:15.527000000
Trivial,Improvement,qwertymaniac,0,1,247.0,59,1,63 days 23:00:00.572000000
Trivial,Improvement,lewismc,0,2,130.0,49,1,0 days 04:16:31.788000000
Minor,Bug,irvingd,0,2,1427.0,43,0,1 days 00:17:47.262000000
Minor,Bug,vnadkarni,0,2,1303.0,79,0,0 days 18:35:04.972000000
Major,Bug,vnadkarni,0,2,792.0,108,0,0 days 19:41:55.303000000
Major,Bug,scott_carey,0,4,682.0,51,1,0 days 23:49:44.767000000
Major,Bug,gffletch,1,11,249.0,52,2,1 days 05:58:28.042000000
Major,New Feature,detonator413,0,3,955.0,54,3,350 days 08:34:59.396000000
Major,Bug,vnadkarni,0,7,921.0,95,0,8 days 00:10:29.895000000
Major,Bug,vnadkarni,0,3,2195.0,72,0,9 days 02:40:54.532000000
Minor,Bug,dcreager,0,2,431.0,48,0,13 days 23:22:20.750000000
Minor,Bug,janhoy,0,2,106.0,26,0,7 days 23:33:23.715000000
Major,Bug,swilkinson,0,17,4634.0,87,0,20 days 23:18:21.644000000
Minor,Bug,raymie,0,8,172.0,49,1,1 days 15:52:44.653000000
Major,Bug,jbaldassari,0,4,1002.0,61,0,0 days 15:24:56.939000000
Minor,Improvement,jbaldassari,0,3,140.0,51,0,0 days 22:01:55.025000000
Trivial,Improvement,scott_carey,0,3,83.0,92,0,0 days 21:59:07.009000000
Trivial,Bug,koert,0,6,283.0,30,0,3 days 06:23:11.731000000
Major,Improvement,thiru_mg,0,3,1249.0,61,0,5 days 04:35:41.167000000
Major,Bug,lmartinking,0,2,234.0,59,0,1 days 16:32:08.916000000
Blocker,Bug,jbaldassari,0,6,1803.0,46,0,9 days 03:39:49.130000000
Minor,Improvement,lars_francke,0,6,256.0,50,0,12 days 02:42:23.685000000
Minor,Improvement,lars_francke,0,9,737.0,21,0,11 days 02:15:59.003000000
Minor,Improvement,lars_francke,0,3,256.0,92,1,13 days 09:42:55.265000000
Major,Improvement,jbaldassari,0,7,1148.0,78,3,330 days 11:03:26.447000000
Major,Bug,jbaldassari,0,20,693.0,76,0,14 days 15:01:25.675000000
Major,New Feature,raymie,0,40,155.0,29,12,42 days 14:20:42.315000000
Minor,Improvement,craigtlandry,0,4,0.0,51,0,14 days 01:08:36.989000000
Major,Bug,dcreager,0,2,242.0,50,0,1 days 21:47:52.488000000
Major,Bug,dcreager,0,2,550.0,61,0,1 days 21:51:32.501000000
Major,Bug,hammer,0,1,350.0,28,1,0 days 15:25:27.881000000
Major,Improvement,shaunw,0,11,406.0,44,0,17 days 11:33:52.071000000
Major,Bug,slebresne,0,3,352.0,52,1,3 days 12:43:36.008000000
Major,Bug,jrutten,1,6,896.0,43,1,35 days 02:04:13.701000000
Major,Bug,nimeshs,0,4,338.0,117,1,0 days 04:12:46.157000000
Critical,Bug,scott_carey,0,10,195.0,80,0,21 days 00:40:02.984000000
Major,Improvement,scott_carey,0,12,3154.0,35,1,22 days 15:42:21.362000000
Minor,Bug,jbaldassari,0,6,958.0,57,0,1 days 07:08:14.793000000
Major,Bug,jbaldassari,0,6,429.0,68,0,1 days 11:54:35.951000000
Major,Improvement,scott_carey,0,5,562.0,85,3,328 days 23:11:25.905000000
Critical,Bug,mic159,1,12,1195.0,79,1,35 days 12:39:43.803000000
Major,Bug,vnadkarni,0,6,1729.0,83,0,7 days 16:07:15.943000000
Major,Improvement,torcq,0,10,2743.0,107,4,329 days 16:25:34.862000000
Minor,Improvement,bruno,0,4,1468.0,53,0,1 days 05:14:17.629000000
Blocker,Bug,russell.jurney,1,20,8984.0,50,6,296 days 14:00:05.442000000
Minor,Bug,mic159,0,6,662.0,50,0,57 days 23:59:41.579000000
Major,Bug,pdlug,0,2,580.0,51,1,434 days 06:27:25.937000000
Major,Bug,cutting,0,3,0.0,50,0,0 days 19:13:10.635000000
Minor,Improvement,hasghari,0,2,51.0,48,0,0 days 01:30:57.734000000
Minor,Improvement,bruno,0,1,481.0,46,0,0 days 07:42:14.353000000
Minor,Bug,brandonb,0,6,1290.0,85,1,1 days 14:08:37.037000000
Minor,Improvement,vchau,0,9,1112.0,33,0,62 days 21:42:43.266000000
Major,Improvement,nimmervoll,0,5,109.0,48,3,413 days 05:51:40.819000000
Minor,Bug,vnadkarni,0,8,969.0,82,0,53 days 11:16:02.940000000
Major,Bug,detonator413,0,1,2284.0,70,1,0 days 00:11:59.990000000
Major,Bug,detonator413,0,7,2284.0,70,2,7 days 09:49:53.916000000
Minor,Improvement,gffletch,0,11,325.0,69,0,10 days 00:08:23.768000000
Major,Improvement,kehli,2,12,1112.0,28,5,99 days 20:09:30.884000000
Major,New Feature,hammer,0,8,126.0,31,5,785 days 11:59:34.218000000
Major,New Feature,scott_carey,0,0,36.0,41,1,0 days 01:35:11.740000000
Major,New Feature,lmartinking,1,8,854.0,29,5,28 days 19:33:46.942000000
Major,New Feature,lmartinking,2,9,94.0,29,3,668 days 12:23:40.348000000
Major,New Feature,joecrobak,1,9,455.0,53,4,634 days 00:01:18.105000000
Minor,Improvement,gffletch,0,7,275.0,69,1,7 days 03:05:18.098000000
Minor,Bug,gffletch,0,2,253.0,79,0,7 days 06:07:13.104000000
Trivial,Improvement,mic159,0,5,171.0,52,1,21 days 19:47:29.033000000
Minor,Improvement,lmartinking,1,6,305.0,34,1,18 days 15:33:55.084000000
Major,Improvement,thiru_mg,0,5,549.0,31,0,87 days 04:41:02.350000000
Minor,Bug,nsabovic,0,2,152.0,26,0,167 days 05:49:16.038000000
Minor,Improvement,craigtlandry,0,5,141.0,20,1,33 days 03:32:25.759000000
Major,Bug,nsabovic,0,3,199.0,54,0,170 days 09:17:10.224000000
Blocker,Bug,puredanger,0,13,3116.0,84,1,0 days 23:35:46.093000000
Major,Bug,mic159,0,2,466.0,50,0,1 days 15:02:24.223000000
Major,Bug,cutting,0,3,73.0,45,0,0 days 03:54:12.969000000
Major,Improvement,hernan.otero,0,16,3044.0,50,0,7 days 23:30:03.825000000
Major,Bug,thiru_mg,0,3,200.0,41,0,0 days 22:22:27.797000000
Major,Bug,cutting,0,4,139.0,47,0,3 days 05:51:12.564000000
Major,Bug,cutting,0,13,67.0,44,0,7 days 02:50:44.338000000
Major,Bug,decster,0,1,67.0,68,0,1 days 14:33:30.933000000
Major,Improvement,massie,0,5,895.0,74,0,6 days 00:13:37.685000000
Major,Improvement,thiru_mg,0,1,497.0,45,0,0 days 09:44:35.647000000
Minor,Improvement,thiru_mg,0,1,64.0,36,0,0 days 12:09:20.017000000
Minor,Improvement,thiru_mg,0,1,169.0,60,0,0 days 15:44:35.883000000
Major,Bug,thiru_mg,0,4,164.0,38,0,1 days 02:05:26.977000000
Blocker,Improvement,scott_carey,0,10,65.0,34,0,6 days 01:31:36.657000000
Major,Improvement,abawany,0,3,915.0,94,0,0 days 03:25:28.966000000
Major,Bug,thiru_mg,0,1,287.0,52,0,0 days 02:45:31.418000000
Major,Improvement,thiru_mg,0,1,0.0,64,0,0 days 12:11:09.710000000
Major,Bug,thiru_mg,0,1,0.0,60,1,0 days 12:17:03.808000000
Blocker,Bug,vnadkarni,0,6,2817.0,42,0,8 days 14:39:57.809000000
Major,Bug,dcreager,0,1,428.0,42,0,0 days 00:05:28.393000000
Minor,Bug,vnadkarni,0,2,254.0,48,0,0 days 13:57:58.457000000
Major,Bug,brocknoland,0,2,588.0,64,2,3 days 05:27:05.668000000
Major,Improvement,cutting,0,3,125.0,26,1,103 days 00:28:23.079000000
Major,Bug,nsabovic,0,2,320.0,53,0,1 days 06:04:31.514000000
Major,New Feature,cutting,0,3,292.0,59,0,5 days 00:51:41.456000000
Major,New Feature,dcreager,0,2,105.0,36,0,4 days 23:42:28.294000000
Major,New Feature,dcreager,0,2,424.0,52,0,4 days 23:46:00.690000000
Major,New Feature,dcreager,0,2,330.0,27,0,4 days 23:49:01.747000000
Major,New Feature,dcreager,0,2,127.0,36,0,4 days 23:47:59.670000000
Major,Improvement,thiru_mg,0,4,156.0,34,0,8 days 17:47:04.868000000
Major,Bug,thiru_mg,0,4,381.0,79,0,3 days 23:43:50.641000000
Major,Bug,thiru_mg,0,2,169.0,53,0,4 days 00:21:12.348000000
Major,Improvement,thiru_mg,0,3,125.0,39,0,4 days 04:17:50.482000000
Major,Bug,philip,0,2,933.0,74,0,0 days 13:22:34.294000000
Major,Bug,nsabovic,0,4,233.0,50,0,5 days 20:01:29.382000000
Major,Bug,thiru_mg,0,3,489.0,38,0,0 days 21:32:05.307000000
Major,Improvement,cutting,0,14,708.0,34,2,1 days 20:16:58.708000000
Major,Improvement,cutting,0,3,353.0,33,0,0 days 00:28:24.825000000
Major,Sub-task,cutting,0,1,553.0,92,0,1 days 22:36:19.431000000
Major,New Feature,nsabovic,0,4,200.0,50,0,3 days 11:31:55.068000000
Major,Improvement,cutting,0,3,99.0,36,0,0 days 19:50:53.497000000
Major,Bug,dkaminsky,1,3,361.0,37,1,0 days 20:54:46.109000000
Minor,Improvement,yangyangyyy,0,6,1586.0,63,0,0 days 23:39:19.695000000
Major,Bug,nsabovic,0,1,152.0,62,0,2 days 15:04:18.405000000
Major,Bug,nsabovic,0,2,187.0,45,0,2 days 14:57:02.910000000
Major,Bug,nsabovic,0,2,275.0,41,0,2 days 19:19:58.919000000
Major,Bug,thiru_mg,0,3,169.0,88,0,3 days 01:15:54.844000000
Major,Bug,thiru_mg,0,2,114.0,59,0,4 days 00:23:46.375000000
Major,Improvement,cutting,0,3,71.0,61,1,2 days 05:22:44.263000000
Critical,Bug,vadimtsarik,0,7,389.0,31,4,6 days 03:51:38.343000000
Major,Bug,gwu,0,3,357.0,42,0,10 days 18:15:51.901000000
Major,Bug,tomwhite,0,8,392.0,69,0,5 days 17:45:29.570000000
Major,Bug,dcreager,0,3,633.0,44,0,0 days 00:18:13.169000000
Major,Improvement,lmartinking,1,2,468.0,99,0,3 days 09:18:11.778000000
Major,Bug,mic159,0,2,1233.0,63,1,1 days 16:15:24.781000000
Major,Improvement,alex.holmes,0,7,2707.0,69,0,2 days 08:26:18.532000000
Minor,Improvement,sgargan,0,9,1277.0,51,0,8 days 19:05:53.943000000
Major,Improvement,cutting,0,4,114.0,66,0,2 days 20:36:00.365000000
Major,Improvement,saleemshafi,0,5,231.0,44,0,4 days 18:10:54.548000000
Trivial,Improvement,cwilkes,0,3,704.0,48,0,12 days 21:08:43.685000000
Major,Improvement,gffletch,0,20,1102.0,63,1,12 days 00:49:03.060000000
Major,Bug,tomwhite,0,3,228.0,53,0,1 days 01:14:41.879000000
Major,New Feature,tomwhite,0,5,117.0,35,0,21 days 23:20:28.167000000
Critical,Task,tucu00,0,2,366.0,29,0,2 days 01:25:11.267000000
Major,Bug,cutting,0,2,80.0,25,0,3 days 05:22:11.980000000
Major,Test,jeremy@lewi.us,0,15,160.0,38,0,55 days 07:08:57.028000000
Major,Improvement,billgraham,0,6,962.0,54,1,8 days 22:34:21.953000000
Critical,Task,tucu00,0,4,455.0,51,0,8 days 03:37:42.458000000
Major,New Feature,billgraham,0,3,116.0,47,0,1 days 05:35:46.012000000
Major,Improvement,cutting,0,3,217.0,55,0,41 days 00:15:24.537000000
Major,Improvement,marmbrus,0,4,651.0,71,1,1 days 17:18:53.874000000
Major,Improvement,billgraham,0,26,851.0,49,0,3 days 00:15:03.518000000
Major,Bug,billgraham,0,1,148.0,45,0,59 days 00:32:06.842000000
Major,Bug,thiru_mg,0,3,447.0,63,0,70 days 11:03:27.306000000
Blocker,Bug,puredanger,0,7,3413.0,65,1,14 days 21:16:46.140000000
Major,New Feature,joecrobak,0,5,227.0,30,2,41 days 01:49:12.691000000
Major,Improvement,dcreager,0,2,415.0,22,0,61 days 02:14:35.003000000
Major,Bug,isabel,0,4,432.0,82,0,3 days 02:27:59.246000000
Major,New Feature,dcreager,0,2,829.0,43,0,65 days 15:48:39.086000000
Minor,Bug,dcreager,0,2,301.0,41,0,0 days 01:47:24.077000000
Major,Bug,tebeka,0,16,1478.0,51,3,427 days 01:31:12.901000000
Major,Improvement,tebeka,0,5,144.0,55,1,67 days 05:18:15.110000000
Minor,Improvement,jendap,0,1,189.0,25,0,14 days 21:24:06.607000000
Major,Improvement,cutting,0,3,221.0,26,0,4 days 00:46:34.675000000
Minor,New Feature,jeremy@lewi.us,1,4,327.0,80,1,201 days 01:57:26.132000000
Major,Improvement,dkaminsky,0,34,460.0,36,1,37 days 00:16:02.136000000
Major,Bug,jmesnil,0,4,279.0,40,2,435 days 13:15:29.060000000
Major,Improvement,h2o,0,1,3617.0,57,0,145 days 14:13:44.418000000
Minor,Test,jeremy@lewi.us,0,4,2835.0,40,0,0 days 20:17:55.058000000
Major,Bug,puredanger,0,2,1028.0,91,0,60 days 12:02:23.405000000
Major,Bug,tebeka,0,3,109.0,38,0,1 days 03:03:39.478000000
Major,Improvement,billgraham,0,5,224.0,35,0,3 days 19:30:13.398000000
Major,Bug,h2o,0,14,639.0,61,0,7 days 03:39:21.244000000
Minor,Improvement,waterdragon,0,3,126.0,43,0,1 days 05:48:11.702000000
Critical,Improvement,ramanasv,1,3,1458.0,63,2,117 days 19:45:50.635000000
Major,Improvement,jbaldassari,0,33,3497.0,91,4,71 days 16:21:12.116000000
Major,Improvement,kkrugler,0,5,367.0,100,0,19 days 20:09:44.823000000
Major,New Feature,dcreager,0,5,447.0,24,0,36 days 10:37:21.184000000
Major,New Feature,tebeka,0,13,121.0,67,3,17 days 08:12:36.430000000
Major,Bug,ewhauser,1,5,417.0,34,0,186 days 21:29:20.248000000
Minor,Bug,tebeka,0,4,216.0,40,0,0 days 01:46:32.145000000
Major,Bug,cutting,0,4,68.0,68,1,2 days 01:34:41.457000000
Major,New Feature,tomwhite,0,2,198.0,61,0,3 days 14:12:17.304000000
Major,Improvement,dbritsch,0,2,547.0,74,0,0 days 19:02:01.958000000
Minor,Improvement,dona,0,4,256.0,48,0,9 days 19:06:58.077000000
Blocker,Bug,ramanasv,0,6,5006.0,83,0,43 days 03:16:46.522000000
Trivial,Bug,david206,0,2,116.0,48,2,42 days 12:55:35.249000000
Major,Bug,patrickangeles,0,5,245.0,26,0,0 days 11:30:19.819000000
Major,New Feature,awick,0,8,43.0,20,2,169 days 00:17:57.678000000
Critical,Bug,scott_carey,0,10,365.0,109,0,5 days 19:21:12.512000000
Major,Bug,dcreager,0,2,302.0,56,0,0 days 00:52:42.094000000
Major,Bug,dcreager,0,3,689.0,42,0,0 days 01:29:48.536000000
Minor,Bug,sgargan,0,4,400.0,51,0,0 days 00:14:38.746000000
Major,Bug,stuhood,0,4,277.0,59,0,4 days 19:10:56.988000000
Minor,Improvement,h2o,0,11,209.0,40,0,2 days 12:53:35.347000000
Minor,Task,alambert,0,2,192.0,37,0,6 days 20:43:49.149000000
Minor,Improvement,ewhauser,0,6,123.0,34,1,69 days 16:02:09.860000000
Major,Bug,decster,0,2,239.0,66,0,26 days 01:52:13.638000000
Major,New Feature,tomwhite,0,4,212.0,61,0,5 days 16:07:22.819000000
Major,New Feature,dona,0,3,383.0,62,0,0 days 01:37:16.379000000
Major,New Feature,cutting,6,40,143.0,30,33,510 days 22:16:49.707000000
Major,New Feature,cutting,0,6,267.0,53,5,145 days 21:14:45.402000000
Major,New Feature,cutting,0,19,252.0,49,7,167 days 22:52:06.548000000
Major,Improvement,spullara,2,17,583.0,66,8,181 days 03:32:18.927000000
Major,Improvement,cutting,0,3,165.0,65,1,6 days 22:35:44.809000000
Major,Bug,nrc,0,4,127.0,28,0,12 days 15:06:00.367000000
Major,Improvement,cutting,0,2,47.0,39,0,12 days 21:41:13.799000000
Major,Improvement,cutting,0,6,360.0,29,0,12 days 22:43:07.683000000
Minor,Bug,dkaminsky,0,4,116.0,37,0,99 days 17:16:00.523000000
Major,Improvement,thiru_mg,0,3,309.0,59,0,0 days 22:27:57.517000000
Minor,Improvement,thiru_mg,0,3,95.0,40,0,0 days 22:36:16.363000000
Critical,Bug,ygnhzeus,0,3,4511.0,83,1,29 days 16:23:07.732000000
Blocker,Bug,eychih,0,32,5722.0,68,1,91 days 21:35:27.521000000
Major,Wish,xiaoluye,1,11,440.0,102,0,30 days 03:37:46.160000000
Major,Bug,scott_carey,0,3,657.0,92,0,20 days 00:50:52.818000000
Major,Improvement,thiru_mg,0,5,51.0,23,0,1 days 13:35:41.422000000
Major,New Feature,cutting,1,9,142.0,22,4,13 days 01:51:47.233000000
Major,Improvement,mlartz,0,3,213.0,49,0,8 days 02:11:51.305000000
Minor,Bug,stuhood,0,3,408.0,57,0,7 days 00:53:13.730000000
Minor,Improvement,smartnut007,0,3,3731.0,43,1,8 days 01:20:07.493000000
Major,Improvement,esammer,1,17,71.0,42,3,199 days 15:28:25.661000000
Major,Improvement,thiru_mg,0,5,133.0,29,0,7 days 17:08:00.068000000
Major,Improvement,thiru_mg,1,5,114.0,27,0,5 days 23:41:40.634000000
Major,Bug,eychih,0,6,2407.0,36,0,19 days 22:55:40.680000000
Minor,Test,milindb,0,5,298.0,65,0,0 days 01:14:57.003000000
Minor,Bug,sgargan,2,2,185.0,42,0,113 days 13:11:00.996000000
Major,Bug,thiru_mg,0,5,464.0,34,0,2 days 21:59:49.607000000
Minor,Improvement,lars_francke,0,6,414.0,51,1,2 days 00:03:46.289000000
Trivial,Improvement,jendap,0,2,69.0,37,1,2 days 05:10:54.447000000
Blocker,Bug,brucem,0,5,162.0,29,1,3 days 00:50:57.473000000
Major,Improvement,scott_carey,0,6,1969.0,36,0,1 days 10:45:01.583000000
Blocker,Improvement,scott_carey,0,9,2153.0,73,1,8 days 19:52:29.158000000
Major,Improvement,ekohlwey,0,1,330.0,47,0,0 days 01:25:29.907000000
Minor,Improvement,scott_carey,0,3,174.0,55,0,0 days 17:43:01.273000000
Critical,Bug,qwertymaniac,0,6,3761.0,62,1,2 days 09:48:02.575000000
Major,Improvement,scott_carey,0,9,407.0,103,2,69 days 21:46:56.502000000
Blocker,New Feature,dcreager,0,9,1574.0,24,1,16 days 00:31:25.028000000
Major,Bug,rahrens,0,5,363.0,75,1,26 days 04:34:19.917000000
Major,Bug,xiaoluye,0,8,1013.0,86,1,7 days 06:25:38.110000000
Minor,Bug,stuhood,0,17,121.0,36,0,151 days 00:51:39.290000000
Major,New Feature,stuhood,0,7,147.0,56,0,3 days 11:49:09.155000000
Major,Improvement,cutting,0,2,267.0,75,0,19 days 21:35:40.483000000
Blocker,Bug,xiaoluye,1,8,273.0,74,1,19 days 22:32:00.382000000
Major,Improvement,bruno,0,1,470.0,56,1,23 days 10:39:14.869000000
Blocker,Improvement,scott_carey,1,28,651.0,40,2,23 days 15:30:50.849000000
Minor,Improvement,scott_carey,0,6,308.0,38,0,7 days 17:03:16.569000000
Blocker,Improvement,dcreager,0,6,972.0,41,0,27 days 22:21:03.050000000
Major,New Feature,dcreager,0,4,130.0,15,0,17 days 23:36:31.690000000
Major,Bug,dcreager,0,3,249.0,46,0,2 days 20:51:12.401000000
Major,Improvement,bruno,1,5,2104.0,78,1,154 days 05:20:59.449000000
Major,Bug,dcreager,0,12,886.0,23,0,168 days 23:00:54.184000000
Major,Bug,dcreager,0,1,311.0,40,0,0 days 00:40:55.095000000
Major,New Feature,dcreager,0,3,410.0,60,0,21 days 23:31:25.109000000
Critical,Bug,scott_carey,0,7,410.0,72,3,14 days 11:11:53.494000000
Major,Bug,dcreager,0,1,458.0,47,0,2 days 08:44:20.111000000
Blocker,Bug,cutting,0,9,536.0,31,0,5 days 05:34:51.494000000
Major,Bug,brucem,0,0,1595.0,34,0,0 days 00:04:31.453000000
Critical,Bug,devsarkar,0,3,371.0,96,0,54 days 10:58:56.140000000
Major,Sub-task,scott_carey,0,28,437.0,54,0,9 days 04:17:23.146000000
Major,Bug,mchugh,0,4,1497.0,54,0,5 days 17:01:18.971000000
Major,Bug,h2o,2,5,1716.0,31,0,13 days 09:44:55.164000000
Trivial,Improvement,h2o,0,4,302.0,43,0,0 days 03:58:26.671000000
Critical,Bug,h2o,0,9,433.0,59,0,0 days 04:12:36.515000000
Major,Improvement,cutting,0,1,64.0,47,0,0 days 23:30:00.508000000
Major,New Feature,cbradford,0,10,246.0,73,1,39 days 20:09:46.414000000
Major,New Feature,dcreager,0,3,553.0,24,1,2 days 22:58:29.552000000
Major,Task,cutting,0,1,185.0,51,0,4 days 20:31:24.480000000
Major,Improvement,dcreager,0,5,1501.0,34,1,5 days 16:58:23.106000000
Major,Improvement,xiaoluye,0,16,521.0,110,3,60 days 22:24:03.752000000
Minor,New Feature,dcreager,0,6,307.0,34,0,6 days 15:23:31.990000000
Minor,Bug,sgargan,0,8,590.0,73,0,5 days 17:44:52.996000000
Minor,Bug,sgargan,0,8,511.0,74,0,8 days 17:38:56.647000000
Minor,Improvement,joecrobak,0,4,241.0,52,0,15 days 02:20:26.053000000
Major,Bug,cwsteinbach,0,2,152.0,27,0,6 days 13:16:53.117000000
Major,Bug,joecrobak,0,6,2200.0,63,0,14 days 02:14:26.135000000
Blocker,Task,scott_carey,0,20,361.0,60,0,46 days 18:04:56.801000000
Major,Task,scott_carey,0,2,278.0,29,1,42 days 04:16:49.057000000
Major,Bug,jkreps,0,2,174.0,47,0,1 days 00:03:04.922000000
Blocker,Improvement,thiru_mg,0,7,62.0,32,0,69 days 01:38:21.502000000
Major,Bug,bshi,0,1,60.0,79,0,1 days 19:50:53.357000000
Minor,Improvement,justinazoff,1,10,240.0,20,2,115 days 22:56:38.051000000
Minor,Bug,sgargan,0,2,632.0,40,0,33 days 18:26:16.587000000
Major,Improvement,cutting,0,3,536.0,22,0,5 days 21:11:59.782000000
Major,Bug,scott_carey,0,4,570.0,53,1,0 days 23:04:26.251000000
Major,Bug,gillouxgaillard@wanadoo.fr,0,3,923.0,66,0,9 days 02:19:58.650000000
Major,Bug,urandom,0,9,239.0,29,0,9 days 19:53:02.073000000
Major,Bug,xiaoluye,0,4,593.0,90,1,5 days 01:29:43.355000000
Critical,Bug,brucem,1,14,216.0,75,0,93 days 00:08:23.152000000
Major,Improvement,thiru_mg,0,11,426.0,32,0,69 days 06:15:10.113000000
Major,Bug,prabhakhar,0,3,1570.0,81,0,2 days 08:29:55.395000000
Major,Test,cutting,0,4,410.0,50,0,4 days 20:17:14.308000000
Major,Bug,plinehan,0,2,119.0,75,0,0 days 15:31:57.368000000
Major,Bug,rahrens,1,7,2027.0,87,2,59 days 23:37:04.734000000
Minor,Bug,sgargan,0,4,394.0,67,0,0 days 22:29:36.833000000
Major,Improvement,cutting,1,6,69.0,34,1,34 days 22:27:36.488000000
Major,New Feature,cutting,0,5,85.0,41,0,35 days 03:10:48.641000000
Major,Bug,califloridan,0,5,389.0,56,0,77 days 02:49:38.806000000
Major,New Feature,cutting,0,4,182.0,47,0,43 days 06:59:47.367000000
Critical,Bug,rahrens,0,6,4065.0,97,1,1 days 03:54:52.386000000
Major,New Feature,plinehan,0,6,648.0,61,0,28 days 01:23:01.624000000
Trivial,Improvement,sgargan,0,3,354.0,53,1,2 days 00:51:39.004000000
Minor,Improvement,qwertymaniac,0,8,492.0,39,1,2 days 05:42:14.776000000
Minor,Bug,yaojingguo,0,2,334.0,23,0,0 days 07:34:06.550000000
Minor,New Feature,stuhood,0,10,513.0,29,2,193 days 21:32:02.859000000
Major,Sub-task,cutting,0,3,72.0,31,0,16 days 02:04:00.714000000
Major,Bug,dcreager,0,5,436.0,47,2,5 days 01:57:37.653000000
Trivial,New Feature,dln,1,3,163.0,32,1,5 days 05:15:48.024000000
Minor,Improvement,erikfrey,0,6,390.0,36,1,13 days 23:52:30.868000000
Major,Bug,rbodkin,0,9,101.0,68,0,18 days 21:20:37.188000000
Major,Improvement,rbodkin,0,5,296.0,55,0,2 days 23:19:15.576000000
Major,Bug,rbodkin,1,14,2376.0,48,3,103 days 15:52:36.692000000
Major,Improvement,scott_carey,0,11,213.0,71,0,5 days 13:37:12.607000000
Blocker,Bug,scott_carey,0,10,1221.0,88,0,0 days 20:52:40.760000000
Major,Bug,hammer,0,1,0.0,62,0,0 days 00:04:36.260000000
Major,Bug,thiru_mg,0,3,225.0,55,0,4 days 04:28:22.066000000
Major,Bug,brianf,0,15,350.0,98,1,127 days 05:34:39.432000000
Major,New Feature,cutting,0,4,357.0,57,0,9 days 04:33:04.551000000
Minor,Bug,phunt,0,2,721.0,44,0,6 days 12:30:32.107000000
Blocker,Bug,cutting,0,30,763.0,77,2,174 days 03:32:00.332000000
Major,Improvement,cutting,0,4,210.0,42,0,10 days 01:03:49.880000000
Major,Bug,urandom,0,3,128.0,55,0,0 days 07:17:33.942000000
Minor,Bug,stuhood,0,3,419.0,36,1,0 days 19:51:50.022000000
Blocker,Bug,urandom,0,11,212.0,33,3,1 days 05:21:58.424000000
Major,Improvement,stuhood,0,7,123.0,46,0,0 days 02:18:54.640000000
Major,Improvement,philip,0,8,1401.0,47,2,61 days 10:03:54.223000000
Major,Improvement,scott_carey,0,47,898.0,62,5,105 days 23:15:35.512000000
Major,Test,cutting,0,2,265.0,25,0,0 days 00:15:17.072000000
Major,Improvement,grzm,0,1,201.0,34,0,0 days 01:24:09.179000000
Major,Bug,scott_carey,0,2,1983.0,54,0,107 days 03:38:39.793000000
Major,Bug,cutting,0,2,304.0,35,0,129 days 22:07:01.828000000
Minor,Improvement,qwertymaniac,0,10,1212.0,82,0,62 days 16:19:53.660000000
Major,New Feature,cutting,1,16,224.0,28,6,21 days 00:24:23.730000000
Blocker,Bug,cutting,0,2,132.0,42,0,0 days 00:31:33.344000000
Major,Improvement,cutting,0,6,138.0,42,0,0 days 02:15:07.182000000
Major,New Feature,cutting,0,1,394.0,50,3,130 days 03:23:04.869000000
Major,New Feature,cutting,1,21,537.0,40,1,4 days 09:31:57.550000000
Major,Sub-task,pwendell,0,8,0.0,39,0,1 days 00:15:19.710000000
Major,Improvement,cutting,0,2,60.0,28,0,18 days 01:07:43.392000000
Major,Bug,jmhodges,0,4,77.0,66,0,0 days 18:17:53.932000000
Major,Bug,cutting,0,3,123.0,53,0,0 days 00:20:37.948000000
Major,Bug,pwendell,0,2,610.0,36,0,0 days 01:27:01.250000000
Major,Improvement,gavinmroy,0,1,158.0,25,1,138 days 16:15:24.997000000
Major,Improvement,gavinmroy,0,1,260.0,28,1,323 days 01:09:50.202000000
Major,New Feature,grzm,0,13,366.0,20,3,4 days 21:42:06.334000000
Minor,Improvement,alexb,0,3,134.0,44,0,0 days 08:36:10.368000000
Major,Bug,philip,0,1,85.0,43,0,0 days 04:48:34.465000000
Major,Bug,philip,0,4,732.0,61,1,3 days 11:28:18.663000000
Trivial,Improvement,qwertymaniac,0,2,281.0,58,0,0 days 02:31:12.463000000
Major,Bug,philip,0,5,501.0,33,0,1 days 08:33:41.489000000
Major,Improvement,jkristian,0,3,1020.0,31,0,6 days 03:40:54.966000000
Major,New Feature,pwendell,0,2,228.0,38,0,1 days 00:23:17.395000000
Major,Improvement,jkristian,0,5,216.0,28,0,2 days 04:52:49.237000000
Major,Sub-task,pwendell,0,4,0.0,25,0,13 days 02:17:47.120000000
Major,Sub-task,pwendell,0,5,0.0,44,1,9 days 13:09:40.677000000
Minor,Bug,darose,0,3,1151.0,39,0,5 days 21:35:16.704000000
Major,New Feature,pwendell,0,3,57.0,26,0,6 days 03:01:20.691000000
Major,Bug,cutting,0,3,93.0,45,0,4 days 02:41:40.839000000
Major,Bug,pwendell,0,1,205.0,58,0,20 days 04:41:38.902000000
Major,Sub-task,pwendell,0,10,0.0,42,0,8 days 22:38:23.319000000
Major,Improvement,cutting,0,11,286.0,38,2,5 days 22:47:21.850000000
Major,Bug,pwendell,0,2,209.0,52,0,0 days 05:32:55.686000000
Minor,Improvement,stuhood,0,5,553.0,67,3,0 days 07:09:07.929000000
Major,Improvement,yaojingguo,0,3,198.0,38,0,1 days 04:14:57.838000000
Minor,Improvement,darose,0,10,935.0,83,1,7 days 01:42:00.015000000
Major,New Feature,cutting,0,9,675.0,43,3,25 days 22:49:51.899000000
Major,Improvement,hammer,0,1,0.0,55,0,8 days 06:39:28.045000000
Major,Bug,jtravis,0,6,451.0,75,0,40 days 21:25:52.243000000
Minor,Bug,plinehan,0,7,331.0,45,2,6 days 14:12:13.384000000
Major,Sub-task,pwendell,0,13,0.0,42,4,31 days 18:58:21.960000000
Major,New Feature,sseverance,8,29,124.0,49,18,646 days 00:47:18.927000000
Major,Bug,spullara,0,2,3030.0,83,1,0 days 02:49:56.571000000
Major,Bug,cutting,0,4,84.0,36,0,53 days 00:32:42.438000000
Major,Bug,cjcdoomed,0,4,1232.0,135,1,3 days 07:37:02.536000000
Major,Improvement,hammer,0,15,0.0,62,1,56 days 09:49:13.873000000
Major,Sub-task,pwendell,0,10,0.0,39,1,33 days 21:46:49.061000000
Minor,Improvement,kkrugler,0,5,138.0,46,1,48 days 08:26:52.941000000
Major,New Feature,cutting,0,3,178.0,21,6,370 days 05:55:04.547000000
Major,Sub-task,pwendell,0,8,0.0,33,0,1 days 00:27:53.710000000
Minor,Bug,spullara,0,14,460.0,116,1,42 days 00:03:47.135000000
Major,Improvement,cutting,0,5,327.0,65,1,35 days 23:28:50.017000000
Major,New Feature,cutting,1,9,602.0,73,1,34 days 03:40:43.494000000
Major,New Feature,cutting,0,5,203.0,41,1,34 days 03:48:03.639000000
Major,Sub-task,pwendell,0,0,0.0,55,1,7 days 18:37:23.336000000
Major,Sub-task,pwendell,0,15,468.0,35,1,10 days 02:05:27.183000000
Major,New Feature,tomwhite,0,4,295.0,37,1,1 days 01:11:21.550000000
Major,Bug,tomwhite,0,4,114.0,90,5,952 days 06:30:19.649000000
Major,Bug,tomwhite,0,1,143.0,43,0,0 days 12:09:36.688000000
Major,Bug,hammer,0,14,75.0,87,2,47 days 14:29:57.569000000
Major,Bug,hammer,0,1,0.0,76,1,0 days 00:42:19.711000000
Major,New Feature,cutting,0,12,105.0,41,3,10 days 20:58:03.939000000
Major,Wish,hammer,0,5,430.0,69,1,0 days 15:10:16.180000000
Major,Bug,hammer,1,13,82.0,33,3,680 days 18:14:24.649000000
Major,Bug,jmhodges,0,4,106.0,39,0,0 days 00:50:39.384000000
Major,Improvement,hammer,0,4,0.0,58,0,0 days 06:26:16.442000000
Major,Improvement,hammer,0,3,104.0,111,1,0 days 13:32:51.442000000
Major,Bug,hammer,0,3,260.0,93,1,0 days 06:42:22.505000000
Major,Improvement,kevinoliver,0,21,252.0,31,3,69 days 02:08:09.046000000
Major,Improvement,wrightd,0,3,845.0,61,1,5 days 06:03:25.997000000
Major,Bug,jmhodges,0,1,357.0,22,0,0 days 00:07:28.860000000
Major,Bug,grantr,0,12,140.0,57,1,4 days 09:43:32.777000000
Major,Sub-task,brucem,0,3,0.0,25,0,704 days 11:06:44.587000000
Major,Improvement,brucem,0,9,68.0,32,0,704 days 17:08:19.127000000
Major,Improvement,brucem,0,1,372.0,27,0,231 days 16:30:12.618000000
Major,New Feature,brucem,0,4,89.0,54,1,233 days 06:02:46.338000000
Major,Bug,hammer,0,6,612.0,67,1,2 days 08:30:03.443000000
Blocker,Sub-task,owen.omalley,1,12,100.0,39,2,211 days 01:28:27.035000000
Major,New Feature,hammer,0,21,152.0,70,1,62 days 19:38:41.815000000
Major,Improvement,jmhodges,0,3,74.0,37,0,4 days 18:20:46.828000000
Major,Bug,dbritsch,0,2,431.0,19,1,0 days 00:24:30.186000000
Critical,Bug,cutting,0,11,726.0,40,1,102 days 22:41:50.312000000
Minor,New Feature,urandom,0,3,568.0,28,0,0 days 00:55:05.442000000
Major,New Feature,hammer,2,32,0.0,91,4,400 days 16:18:14.941000000
Major,Bug,jmhodges,0,5,104.0,53,2,156 days 14:02:35.674000000
Major,Bug,wanliyang,0,2,1622.0,21,0,4 days 07:51:38.612000000
Trivial,New Feature,qwertymaniac,0,10,1008.0,79,2,115 days 06:48:53.498000000
Major,New Feature,hammer,9,58,0.0,27,13,336 days 13:46:43.482000000
Major,Bug,wanliyang,0,3,1983.0,37,0,0 days 07:33:05.809000000
Major,New Feature,esteve,7,13,213.0,23,2,123 days 04:47:23.378000000
Minor,Bug,esteve,0,3,141.0,31,1,11 days 19:33:50.110000000
Minor,Improvement,esteve,0,4,170.0,63,1,11 days 19:29:35.434000000
Minor,Improvement,esteve,0,3,73.0,21,1,11 days 19:17:43.193000000
Major,Bug,thiru_mg,0,4,682.0,72,0,3 days 05:31:42.292000000
Major,Bug,thiru_mg,0,3,107.0,61,0,4 days 02:48:25.447000000
Major,Improvement,sbanacho,0,1,680.0,24,0,0 days 18:14:45.562000000
Major,Bug,jplevyak,0,2,301.0,78,0,1 days 23:23:48.995000000
Critical,Bug,scott_carey,0,5,174.0,37,1,3 days 18:06:28.940000000
Major,Bug,jmhodges,0,2,165.0,61,0,0 days 11:16:58.708000000
Major,Bug,sbanacho,0,2,305.0,36,0,0 days 00:40:27.792000000
Major,Improvement,jmhodges,0,2,45.0,55,0,3 days 08:54:14.385000000
Major,Improvement,cutting,0,14,291.0,69,2,104 days 19:02:36.842000000
Major,New Feature,cutting,0,10,342.0,49,8,69 days 23:58:52.930000000
Major,Improvement,jmhodges,0,4,59.0,43,1,21 days 09:01:07.619000000
Major,Bug,neopallium,0,4,143.0,41,1,141 days 20:00:47.088000000
Major,Improvement,sbanacho,0,2,903.0,61,0,2 days 23:20:06.997000000
Critical,Bug,jmhodges,0,5,100.0,55,0,1 days 15:32:48.229000000
Major,Improvement,jmhodges,0,1,75.0,61,0,1 days 23:03:35.634000000
Major,Bug,neopallium,0,10,150.0,37,1,0 days 12:43:11.704000000
Major,Bug,neopallium,0,5,72.0,75,0,144 days 05:38:17.361000000
Major,Bug,jmhodges,0,3,154.0,23,0,3 days 04:47:06.155000000
Major,Bug,cutting,0,6,315.0,66,2,41 days 00:46:57.148000000
Major,Improvement,sbanacho,0,5,595.0,39,0,144 days 02:52:46.632000000
Major,Improvement,sbanacho,0,1,504.0,30,0,2 days 23:55:31.807000000
Major,Bug,jmhodges,0,4,465.0,38,1,2 days 20:09:39.781000000
Major,Improvement,urandom,0,10,45.0,32,4,138 days 20:10:55.324000000
Minor,Improvement,urandom,0,11,80.0,42,4,90 days 19:23:07.168000000
Major,New Feature,cutting,0,12,76.0,38,9,1 days 21:02:17.857000000
Minor,Improvement,jmhodges,0,2,131.0,52,1,7 days 05:35:13.652000000
Major,Improvement,cutting,0,3,77.0,38,1,0 days 18:53:55.298000000
Major,Bug,jmhodges,0,3,89.0,47,1,9 days 17:25:24.456000000
Major,Bug,cutting,0,3,81.0,44,1,1 days 19:51:37.387000000
Minor,Improvement,jmhodges,0,3,147.0,29,1,13 days 00:32:31.792000000
Major,Wish,brucem,1,15,335.0,28,10,933 days 17:30:09.600000000
Major,Bug,sandys,0,2,6299.0,64,0,0 days 08:37:35.812000000
Major,Improvement,brucem,0,1,26.0,22,0,0 days 00:34:12.737000000
Major,Bug,brucem,0,1,144.0,50,0,0 days 01:12:40.579000000
Major,Bug,cutting,0,1,158.0,42,0,0 days 00:59:13.623000000
Major,Wish,plaes,0,5,72.0,26,0,273 days 13:40:10.177000000
Major,Wish,brucem,0,6,191.0,9,1,2 days 08:34:28.988000000
Major,Sub-task,brucem,0,2,222.0,33,0,578 days 05:59:43.723000000
Major,Sub-task,brucem,0,2,112.0,22,0,578 days 05:58:42.258000000
Major,Sub-task,brucem,0,3,54.0,47,0,578 days 06:02:14.827000000
Major,Sub-task,brucem,0,2,89.0,33,0,578 days 06:06:41.631000000
Major,Sub-task,brucem,0,2,0.0,28,0,578 days 06:07:46.806000000
Major,Sub-task,brucem,0,2,104.0,37,0,441 days 06:38:28.947000000
Major,Sub-task,brucem,0,2,81.0,55,0,441 days 06:59:03.738000000
Major,Sub-task,brucem,0,1,149.0,47,0,578 days 06:33:50.199000000
Major,Improvement,brucem,0,8,105.0,68,0,587 days 07:04:37.076000000
Major,Bug,jmhodges,0,8,879.0,68,2,19 days 23:10:11.659000000
Major,Improvement,brucem,0,6,129.0,63,1,486 days 18:35:10.140000000
Blocker,Improvement,jmhodges,0,2,346.0,48,1,348 days 10:29:56.345000000
Major,Bug,jmhodges,0,6,160.0,32,1,20 days 00:09:04.006000000
Major,Improvement,brucem,0,2,113.0,39,0,0 days 00:39:52.555000000
Major,New Feature,cutting,0,6,113.0,61,5,684 days 20:45:57.433000000
Major,New Feature,cutting,0,2,116.0,62,6,684 days 20:57:11.151000000
Minor,Improvement,dmdabbs,0,3,109.0,38,1,0 days 06:06:55.071000000
Minor,Improvement,ijuma,0,1,70.0,61,2,6 days 07:50:29.513000000
Major,Improvement,brucem,0,1,141.0,20,0,0 days 03:21:40.658000000
Major,Improvement,brucem,0,1,229.0,15,0,0 days 03:12:36.617000000
Major,Improvement,hammer,0,2,288.0,84,0,14 days 12:12:53.617000000
Blocker,Bug,phunt,0,10,1712.0,72,1,32 days 22:12:17.889000000
Major,New Feature,brucem,0,8,325.0,35,1,11 days 16:26:52.631000000
Major,Bug,brucem,0,4,26.0,55,0,0 days 19:19:22.003000000
Blocker,Bug,cutting,0,10,679.0,30,1,99 days 21:28:57.368000000
Major,Improvement,cutting,0,1,329.0,64,1,9 days 19:55:58.529000000
Major,New Feature,brucem,0,3,613.0,80,0,1 days 08:16:17.590000000
Major,Improvement,brucem,0,2,0.0,12,1,1 days 12:04:50.406000000
Major,Sub-task,brucem,0,3,234.0,67,0,1 days 15:31:52.107000000
Major,Sub-task,brucem,0,2,471.0,55,0,1 days 15:59:23.633000000
Major,Bug,brucem,0,5,207.0,42,1,693 days 05:03:52.092000000
Major,Bug,brucem,0,4,514.0,34,0,3 days 09:19:05.985000000
Minor,Improvement,brucem,0,6,129.0,56,0,0 days 17:03:29.025000000
Trivial,Improvement,amichai,0,4,2369.0,48,2,1 days 21:36:27.202000000
Trivial,Bug,amichai,0,2,16.0,22,2,0 days 23:58:18.181000000
Major,Bug,cutting,0,3,80.0,29,0,4 days 23:59:01.074000000
Major,New Feature,cutting,0,5,523.0,51,1,5 days 23:16:29.568000000
Major,Bug,cutting,0,2,118.0,41,0,4 days 23:59:49.944000000
Major,Improvement,massie,0,2,242.0,49,0,0 days 00:04:35.971000000
Major,Improvement,massie,0,4,0.0,47,1,0 days 20:04:18.227000000
Minor,Improvement,kingryan,0,4,152.0,33,1,2 days 07:05:29.873000000
Major,Bug,scott_carey,0,6,465.0,41,1,5 days 00:03:59.889000000
Major,Improvement,urandom,0,10,91.0,42,1,27 days 13:04:38.200000000
Major,Bug,sbanacho,0,2,558.0,34,0,0 days 01:26:00.711000000
Major,Bug,cutting,0,3,167.0,28,1,0 days 17:05:13.123000000
Major,Bug,massie,0,6,52.0,49,1,26 days 20:40:13.709000000
Major,Bug,scott_carey,0,2,352.0,59,0,2 days 02:29:11.420000000
Major,Bug,ryanobjc,0,5,271.0,58,1,1 days 02:05:51.950000000
Major,Improvement,hammer,0,9,1670.0,61,1,3 days 15:13:53.217000000
Major,New Feature,scott_carey,0,8,286.0,71,1,7 days 05:08:13.111000000
Major,Bug,jmhodges,0,1,60.0,46,0,0 days 01:08:02.725000000
Major,Improvement,massie,0,1,129.0,38,0,0 days 02:09:50.704000000
Major,Bug,jmhodges,0,4,73.0,34,1,0 days 17:03:03.093000000
Major,Improvement,massie,0,1,173.0,41,1,0 days 00:04:47.043000000
Major,Improvement,massie,0,1,86.0,83,1,0 days 00:06:16.033000000
Major,Bug,massie,0,2,42.0,29,0,0 days 00:02:39.929000000
Blocker,Bug,cutting,0,7,700.0,28,1,3 days 00:21:34.150000000
Major,New Feature,tlipcon,1,28,617.0,27,12,145 days 22:41:01.851000000
Major,Improvement,massie,0,1,144.0,53,1,0 days 03:52:41.693000000
Major,New Feature,massie,0,1,134.0,66,0,0 days 00:06:55.547000000
Major,Bug,tomwhite,0,2,89.0,86,1,0 days 02:28:43.469000000
Minor,Improvement,eli,0,2,161.0,36,1,1 days 15:22:23.600000000
Major,Test,hammer,0,10,0.0,64,1,6 days 14:57:58.843000000
Major,Bug,eli,0,2,51.0,33,1,1 days 14:51:29.625000000
Trivial,Improvement,hammer,0,1,161.0,58,0,0 days 00:06:51.873000000
Minor,Improvement,eli,0,3,0.0,41,2,525 days 20:23:33.419000000
Major,Improvement,eli,0,2,0.0,28,1,0 days 00:15:10.118000000
Major,Improvement,massie,0,1,231.0,61,1,0 days 00:32:22.375000000
Minor,New Feature,jmhodges,0,4,230.0,35,1,0 days 01:00:33.424000000
Critical,Improvement,scott_carey,0,47,2787.0,51,2,16 days 10:57:10.153000000
Major,Bug,thiru_mg,0,2,438.0,64,0,1 days 12:03:13.746000000
Major,Bug,thiru_mg,0,2,242.0,43,0,1 days 12:21:23.393000000
Major,Improvement,thiru_mg,0,7,3207.0,44,0,3 days 16:14:17.951000000
Minor,Bug,marmbrus,0,12,2020.0,77,1,3 days 23:45:48.035000000
Major,Improvement,philip,0,5,145.0,36,1,4 days 11:39:07.502000000
Major,Bug,thiru_mg,0,2,135.0,54,0,1 days 02:56:56.900000000
Major,Improvement,massie,0,1,196.0,45,0,0 days 02:26:48.802000000
Major,Improvement,thiru_mg,0,9,448.0,46,0,5 days 11:45:46.436000000
Minor,Bug,marmbrus,0,4,2149.0,68,1,0 days 15:04:42.266000000
Major,Improvement,massie,0,1,0.0,75,0,0 days 00:04:34.740000000
Major,Improvement,scott_carey,0,12,427.0,70,2,2 days 18:04:18.169000000
Major,Improvement,massie,0,1,267.0,57,0,0 days 00:08:24.656000000
Major,Improvement,massie,0,1,174.0,65,0,0 days 00:03:35.984000000
Major,Improvement,massie,0,1,217.0,48,0,0 days 00:06:07.820000000
Major,Bug,thiru_mg,0,4,147.0,40,0,1 days 14:18:42.591000000
Minor,Bug,thiru_mg,0,7,607.0,79,0,23 days 18:04:35.583000000
Major,Bug,cutting,0,3,411.0,35,0,3 days 12:34:50.786000000
Major,Task,tlipcon,1,12,263.0,40,2,146 days 19:06:31.073000000
Major,Improvement,massie,0,1,85.0,40,0,0 days 00:05:23.961000000
Major,Improvement,massie,0,1,547.0,44,0,0 days 00:08:11.433000000
Major,Improvement,massie,0,1,100.0,45,0,0 days 00:06:02.286000000
Blocker,Improvement,philip,0,4,297.0,77,1,4 days 00:20:39.144000000
Major,Improvement,massie,0,1,905.0,51,0,0 days 00:47:36.168000000
Major,Improvement,massie,0,1,231.0,41,1,0 days 05:28:28.243000000
Major,Improvement,philip,0,3,375.0,85,1,0 days 16:54:54.037000000
Major,Test,hammer,0,1,0.0,102,0,0 days 00:49:00.818000000
Blocker,Bug,scott_carey,0,5,2294.0,63,2,12 days 04:32:59.317000000
Major,Task,massie,0,1,231.0,48,1,0 days 00:06:10.199000000
Major,Improvement,massie,0,0,109.0,49,1,0 days 00:07:51.489000000
Major,Bug,massie,0,2,0.0,38,0,0 days 00:03:24.023000000
Minor,Bug,kevinoliver,0,4,301.0,68,0,5 days 11:09:55.524000000
Minor,Improvement,kevinoliver,0,7,309.0,50,2,6 days 17:46:58.445000000
Major,Improvement,massie,0,1,160.0,60,0,0 days 00:03:57.057000000
Major,Bug,massie,0,0,130.0,47,0,0 days 00:10:11.943000000
Major,Improvement,philip,0,3,71.0,80,0,0 days 01:59:55.536000000
Major,Sub-task,kevinoliver,0,7,139.0,68,1,14 days 05:07:39.053000000
Major,Improvement,sbanacho,0,3,591.0,34,1,28 days 21:41:33.897000000
Minor,Bug,stevel@apache.org,1,2,446.0,53,0,331 days 09:29:11.252000000
Major,Bug,massie,0,1,221.0,73,0,0 days 00:06:01.331000000
Major,New Feature,massie,0,1,378.0,49,1,0 days 00:28:03.528000000
Major,Improvement,thiru_mg,0,2,847.0,33,1,3 days 02:22:47.261000000
Major,Improvement,massie,0,3,1540.0,36,2,0 days 02:55:05.444000000
Minor,Improvement,philip,0,4,116.0,48,0,10 days 20:14:11.885000000
Major,Improvement,cutting,0,1,158.0,30,0,19 days 22:18:04.056000000
Major,Improvement,cutting,0,9,78.0,30,2,19 days 23:02:35.255000000
Major,Improvement,philip,0,3,49.0,55,0,3 days 03:02:43.834000000
Major,Bug,thiru_mg,0,8,268.0,41,0,0 days 00:35:35.102000000
Major,Bug,thiru_mg,0,1,233.0,54,0,0 days 17:43:01.558000000
Major,Bug,scott_carey,0,6,1544.0,39,2,3 days 16:34:05.465000000
Major,Bug,cutting,0,0,257.0,36,1,0 days 02:42:49.804000000
Major,Improvement,hammer,0,9,125.0,80,1,63 days 13:35:16.240000000
Major,Improvement,hammer,0,2,50.0,108,1,146 days 10:07:11.879000000
Major,Improvement,hammer,0,1,120.0,94,1,0 days 01:32:46.120000000
Major,Bug,hammer,0,1,38.0,62,0,0 days 00:35:16.353000000
Major,Improvement,thiru_mg,0,2,388.0,70,2,1 days 15:07:32.905000000
Major,Improvement,thiru_mg,0,16,344.0,52,4,21 days 14:04:44.630000000
Major,New Feature,hammer,0,1,0.0,42,0,0 days 15:32:09.462000000
Major,New Feature,hammer,0,1,0.0,28,0,35 days 17:55:06.297000000
Major,Improvement,hammer,0,4,17.0,85,1,47 days 22:54:09.387000000
Major,New Feature,hammer,0,10,0.0,43,2,19 days 21:40:15.201000000
Major,New Feature,hammer,0,4,0.0,82,1,21 days 09:47:01.868000000
Major,Test,hammer,0,23,0.0,32,1,21 days 22:43:21.893000000
Major,Improvement,cutting,0,4,514.0,31,0,0 days 02:51:32.830000000
Major,Test,cutting,0,2,59.0,28,1,0 days 04:25:24.171000000
Major,Bug,jfolson,1,4,906.0,101,3,0 days 01:06:04.795000000
Blocker,Bug,hammer,0,14,381.0,100,2,34 days 04:02:48.946000000
Major,Improvement,thiru_mg,0,4,889.0,43,2,2 days 04:39:01.266000000
Major,Improvement,thiru_mg,0,7,621.0,41,1,1 days 05:43:50.482000000
Major,Improvement,kimballa,0,10,153.0,46,2,0 days 20:13:31.756000000
Major,Bug,thiru_mg,0,4,1391.0,88,1,2 days 00:52:04.363000000
Major,Improvement,cutting,0,3,91.0,30,1,0 days 03:09:25.524000000
Major,Bug,hammer,0,5,0.0,89,1,0 days 21:08:59.539000000
Major,Bug,hammer,0,1,330.0,68,1,2 days 18:39:19.740000000
Major,New Feature,hammer,0,1,87.0,22,0,0 days 00:15:17.732000000
Major,Improvement,kingryan,0,6,191.0,9,2,8 days 02:11:59.288000000
Major,Improvement,thiru_mg,0,3,228.0,70,1,2 days 20:13:16.324000000
Major,New Feature,hammer,0,1,0.0,73,0,0 days 00:07:25.587000000
Major,New Feature,hammer,0,12,0.0,73,1,796 days 17:07:53.924000000
Major,New Feature,hammer,0,7,135.0,55,2,796 days 17:12:26.325000000
Major,Test,hammer,0,2,200.0,54,1,1 days 08:22:47.165000000
Major,Improvement,philip,0,1,489.0,68,1,4 days 21:17:37.425000000
Minor,Improvement,philip,0,1,52.0,54,1,4 days 15:22:05.852000000
Minor,New Feature,philip,1,4,77.0,48,2,447 days 20:20:09.597000000
Major,Improvement,jmhsieh,0,5,1837.0,66,1,33 days 06:21:30.024000000
Major,Improvement,hammer,0,2,0.0,104,0,2 days 18:54:48.951000000
Major,Test,hammer,0,4,0.0,43,0,0 days 07:20:49.160000000
Major,Test,hammer,0,2,165.0,108,1,0 days 18:14:50.694000000
Major,Bug,urandom,0,3,265.0,33,1,1 days 19:09:38.574000000
Major,Bug,urandom,0,3,98.0,19,1,0 days 14:27:14.875000000
Major,Test,hammer,0,2,0.0,60,1,3 days 16:47:53.965000000
Major,Improvement,hammer,0,1,0.0,60,1,7 days 20:21:45.693000000
Major,Test,hammer,0,29,0.0,58,3,41 days 20:01:13.770000000
Major,New Feature,cutting,0,12,136.0,21,3,129 days 01:02:35.603000000
Major,Improvement,hammer,0,7,110.0,56,1,162 days 11:40:44.743000000
Minor,Bug,philip,0,2,449.0,43,0,8 days 17:05:24.670000000
Major,Bug,thiru_mg,0,1,665.0,51,0,6 days 14:00:12.796000000
Major,Bug,hammer,0,1,168.0,64,2,3 days 18:45:12.695000000
Minor,New Feature,philip,0,4,143.0,42,1,7 days 19:18:59.742000000
Major,Improvement,cutting,0,7,234.0,53,1,7 days 21:30:17.647000000
Major,Bug,philip,0,3,132.0,48,1,416 days 03:47:50.026000000
Minor,Bug,philip,0,2,168.0,52,0,0 days 00:17:59.083000000
Minor,New Feature,philip,0,4,55.0,40,1,8 days 00:24:11.454000000
Major,New Feature,cutting,0,3,129.0,41,2,13 days 04:33:02.792000000
Minor,New Feature,philip,0,5,256.0,68,1,8 days 17:20:22.344000000
Major,New Feature,philip,0,2,139.0,46,1,0 days 22:10:48.060000000
Major,New Feature,philip,0,6,349.0,67,1,5 days 22:32:13.417000000
Minor,Test,philip,0,2,209.0,62,0,1 days 00:17:09.474000000
Major,Improvement,massie,0,9,704.0,73,2,16 days 19:37:18.266000000
Major,New Feature,philip,0,7,277.0,72,1,2 days 00:54:03.360000000
Major,Improvement,hammer,0,5,96.0,99,1,13 days 05:32:40.159000000
Minor,Improvement,tlipcon,0,5,155.0,36,1,6 days 23:39:12.202000000
Major,Bug,hammer,0,1,243.0,25,0,7 days 18:48:37.300000000
Minor,New Feature,kevinoliver,0,20,266.0,29,2,52 days 08:39:36.516000000
Major,Improvement,kevinoliver,0,3,58.0,42,0,11 days 05:04:35.385000000
Trivial,Bug,kevinoliver,0,3,193.0,70,2,21 days 06:49:01.365000000
Major,New Feature,tlipcon,0,20,219.0,44,5,13 days 11:42:31.455000000
Trivial,Bug,kevinoliver,0,7,196.0,17,1,0 days 02:15:50.066000000
Major,Bug,cutting,1,4,154.0,42,1,1 days 02:43:48.956000000
Major,Bug,cutting,0,5,207.0,43,1,1 days 02:52:44.779000000
Major,New Feature,hammer,0,3,207.0,30,0,21 days 08:44:16.687000000
Major,Improvement,hammer,0,2,305.0,105,1,29 days 15:41:59.247000000
Minor,Improvement,rsgoodman,0,1,745.0,79,1,31 days 09:22:27.329000000
Major,New Feature,cutting,0,3,323.0,85,0,1 days 23:07:20.741000000
Major,Improvement,cutting,0,11,212.0,49,0,1 days 00:03:28.905000000
Major,Bug,philip,0,9,49.0,76,0,7 days 00:20:08.302000000
Minor,Improvement,thiru_mg,1,5,147.0,74,1,7 days 18:17:08.813000000
Minor,New Feature,philip,0,24,91.0,68,0,29 days 18:54:30.161000000
Minor,Improvement,philip,0,3,105.0,30,0,99 days 13:32:03.385000000
Major,Improvement,sbanacho,0,12,236.0,34,1,45 days 19:26:18.401000000
Major,New Feature,cutting,0,7,193.0,35,1,7 days 22:41:39.594000000
Major,Improvement,cutting,0,6,418.0,35,1,9 days 01:06:57.251000000
Major,Improvement,hammer,0,7,231.0,77,1,6 days 14:52:03.313000000
Blocker,Bug,owen.omalley,0,2,208.0,68,1,7 days 00:59:02.567000000
Major,Improvement,cutting,0,5,329.0,26,1,0 days 21:57:25.473000000
Major,Improvement,cutting,0,3,71.0,46,1,0 days 02:01:07.241000000
Major,Improvement,sbanacho,0,3,242.0,23,0,3 days 06:36:53.429000000
Major,Improvement,philip,0,2,393.0,21,1,4 days 16:50:14.472000000
Major,Bug,sbanacho,0,1,0.0,35,0,0 days 00:11:27.936000000
Major,Improvement,sbanacho,0,3,45.0,12,0,54 days 08:25:55.290000000
Major,Improvement,tomwhite,0,4,147.0,42,2,0 days 15:42:00.760000000
Major,Bug,tlipcon,0,2,308.0,50,1,0 days 17:05:33.267000000
Major,Improvement,metcalfc,0,1,328.0,55,1,56 days 12:56:39.990000000
Major,Bug,cutting,0,2,219.0,73,0,0 days 15:21:45.517000000
Major,Improvement,massie,0,1,221.0,68,0,0 days 00:12:04.905000000
Minor,Bug,philip,0,2,129.0,24,0,0 days 01:42:27.460000000
Major,Bug,hammer,0,3,0.0,41,0,0 days 00:18:20.325000000
Major,Improvement,philip,0,5,81.0,51,1,0 days 17:08:25.333000000
Major,Improvement,sbanacho,0,3,1448.0,47,1,1 days 03:23:24.063000000
Major,Improvement,hammer,0,17,225.0,106,1,46 days 07:18:43.935000000
Major,Improvement,hammer,0,1,67.0,65,1,46 days 05:27:28.739000000
Major,Improvement,hammer,0,2,0.0,30,1,0 days 16:30:46.771000000
Major,Improvement,hammer,0,2,210.0,134,0,46 days 07:32:14.759000000
Major,Improvement,cutting,0,2,91.0,35,0,5 days 23:48:39.803000000
Major,Bug,thiru_mg,0,1,230.0,70,1,2 days 12:33:00.319000000
Major,Bug,thiru_mg,0,4,178.0,40,1,1 days 06:02:34.820000000
Major,Bug,thiru_mg,0,7,1314.0,59,1,1 days 06:04:28.158000000
Major,Bug,phunt,0,11,140.0,56,1,78 days 14:06:37.736000000
Minor,Bug,phunt,0,3,205.0,54,1,53 days 11:34:37.351000000
Major,Bug,phunt,0,5,668.0,66,1,56 days 16:58:27.959000000
Major,Improvement,sbanacho,0,1,218.0,35,1,47 days 22:15:48.900000000
Major,Improvement,sbanacho,0,1,637.0,46,1,0 days 02:28:50.657000000
Major,Improvement,hammer,0,3,179.0,73,0,2 days 13:05:00.980000000
Minor,Improvement,hammer,0,14,137.0,34,1,3 days 15:42:26.236000000
Major,Improvement,hammer,0,4,235.0,57,1,2 days 13:54:23.857000000
Minor,Improvement,ehillenius,0,5,256.0,39,2,0 days 14:52:19.607000000
Major,Improvement,hammer,0,12,954.0,29,1,3 days 13:40:46.388000000
Major,Bug,phunt,0,2,394.0,78,1,63 days 23:36:43.310000000
Major,Improvement,sbanacho,0,1,334.0,50,1,1 days 19:37:43.380000000
Major,Improvement,massie,0,1,532.0,38,0,1 days 01:42:36.501000000
Major,Bug,sbanacho,0,1,165.0,33,0,0 days 00:59:18.984000000
Major,Bug,thiru_mg,0,3,129.0,37,0,0 days 16:53:50.769000000
Minor,Improvement,cutting,0,4,162.0,61,1,0 days 00:41:54.661000000
Major,Bug,cutting,0,3,276.0,32,0,1 days 00:52:31.552000000
Major,Improvement,sbanacho,0,2,197.0,45,0,1 days 19:54:51.092000000
Minor,Bug,cutting,0,1,207.0,19,0,0 days 04:54:36.039000000
Trivial,Bug,cutting,0,2,173.0,26,0,0 days 03:31:07.606000000
Major,Improvement,massie,0,6,137.0,76,0,0 days 10:23:19.006000000
Major,Improvement,massie,0,2,228.0,36,1,1 days 02:34:20.659000000
Major,Improvement,cutting,0,8,316.0,37,0,5 days 01:41:53.157000000
Minor,Bug,thiru_mg,0,8,1674.0,36,0,27 days 20:39:53.275000000
Major,Bug,cutting,0,14,264.0,53,0,6 days 00:44:14.797000000
Major,Task,gkesavan,0,4,798.0,55,0,70 days 05:39:26.711000000
Major,Improvement,sbanacho,0,1,185.0,36,0,0 days 00:12:06.624000000
Major,Improvement,massie,0,1,137.0,38,1,0 days 16:50:07.544000000
Major,Improvement,massie,0,1,148.0,67,0,1 days 03:25:03.891000000
Major,Improvement,cutting,0,2,58.0,34,0,6 days 01:47:06.443000000
Major,Bug,sbanacho,0,2,225.0,62,0,0 days 05:59:05.131000000
Major,Improvement,massie,0,1,312.0,75,0,2 days 03:02:55.142000000
Minor,Improvement,philip,0,3,142.0,44,0,133 days 17:34:41.510000000
Minor,New Feature,philip,0,2,78.0,27,0,133 days 17:36:12.838000000
Major,Improvement,massie,0,1,843.0,66,1,0 days 20:07:11.464000000
Major,Bug,mrfish,0,10,736.0,61,1,19 days 10:57:21.495000000
Major,Bug,mrfish,0,1,568.0,33,1,19 days 18:47:53.523000000
Trivial,Bug,hammer,0,2,44.0,25,1,13 days 12:43:05.809000000
Major,Improvement,massie,0,1,1316.0,63,0,0 days 20:54:06.864000000
Major,Improvement,philip,0,1,465.0,57,0,0 days 11:22:56.443000000
Major,Improvement,philip,0,2,536.0,74,0,0 days 11:04:27.891000000
Minor,Bug,philip,0,2,152.0,43,0,0 days 11:20:35.197000000
Major,Improvement,philip,0,2,296.0,70,0,21 days 18:45:42.872000000
Critical,Improvement,massie,0,41,1940.0,56,3,83 days 02:12:34.385000000
Major,Bug,massie,0,1,190.0,45,0,1 days 18:07:28.609000000
Major,Test,hammer,0,6,196.0,110,1,63 days 15:47:32.703000000
Major,Improvement,cutting,1,49,691.0,43,3,71 days 21:01:52.226000000
Major,Sub-task,chirino,1,10,0.0,49,5,421 days 04:27:47.177000000
Major,New Feature,hammer,0,6,68.0,34,1,17 days 04:43:36.421000000
Major,Improvement,sbanacho,0,3,312.0,24,0,8 days 02:07:23.993000000
Trivial,Bug,hammer,0,2,93.0,54,0,0 days 10:00:45.553000000
Major,Improvement,hammer,0,5,367.0,36,1,0 days 21:33:45.377000000
Major,New Feature,philip,0,7,373.0,38,1,34 days 22:22:13.266000000
Major,New Feature,philip,0,16,151.0,70,1,84 days 16:49:44.922000000
Major,New Feature,massie,0,7,1443.0,34,0,0 days 00:08:46.531000000
Major,Bug,cutting,0,12,121.0,50,2,243 days 06:51:06.171000000
Major,New Feature,philip,0,18,178.0,60,1,12 days 18:16:25.311000000
Major,Improvement,sbanacho,0,5,126.0,35,0,6 days 21:04:27.026000000
Major,Improvement,sbanacho,0,11,214.0,43,0,1 days 14:46:32.568000000
Major,New Feature,philip,0,13,1032.0,44,1,8 days 22:12:49.947000000
Minor,Improvement,philip,0,6,472.0,49,0,1 days 00:50:43.198000000
Major,Bug,isabel,0,2,384.0,91,1,1 days 11:13:05.922000000
Major,Improvement,cutting,0,2,41.0,44,0,0 days 23:48:07.012000000
Major,New Feature,cutting,0,2,190.0,42,1,1 days 00:19:20.620000000
Major,Bug,thiru_mg,0,1,618.0,46,0,0 days 00:38:54.520000000
Major,Bug,amareshwari,0,4,108.0,60,0,1 days 23:25:15.498000000
Major,Improvement,phunt,0,19,77.0,46,3,133 days 15:11:30.812000000
Blocker,New Feature,cutting,0,27,71.0,29,8,108 days 03:40:10.304000000
Major,Bug,thiru_mg,0,7,521.0,72,2,1 days 21:31:22.167000000
Major,Bug,jonbratseth,0,7,227.0,39,1,1 days 00:29:08.081000000
Major,Bug,sbanacho,0,4,407.0,68,0,5 days 05:02:36.069000000
Major,Improvement,gkesavan,0,2,99.0,52,0,6 days 10:02:41.643000000
Major,Bug,phunt,0,2,792.0,71,1,99 days 15:17:44.580000000
Major,New Feature,cutting,0,2,45.0,26,2,0 days 23:42:19.025000000
Minor,Improvement,yangyangyyy,0,1,584.0,27,2,107 days 04:36:55.021000000
Major,New Feature,yangyangyyy,0,4,363.0,62,2,0 days 07:41:07.196000000
Major,Improvement,floleibert,0,7,252.0,90,2,106 days 14:37:08.814000000
Major,Bug,cutting,0,2,92.0,43,1,0 days 02:24:53.077000000
Blocker,Bug,phunt,0,5,418.0,58,0,0 days 04:09:41.835000000
Blocker,Bug,phunt,0,4,711.0,67,0,0 days 13:33:40.358000000
Minor,Bug,phunt,0,2,664.0,57,0,0 days 03:35:24.181000000
Critical,Improvement,cutting,0,2,297.0,73,0,1 days 01:57:53.314000000
Major,Improvement,cutting,0,6,276.0,48,0,2 days 02:12:49.944000000
Major,Bug,cutting,0,2,72.0,45,0,1 days 04:29:19.317000000
Major,Bug,cutting,0,5,105.0,60,1,2 days 03:39:14.289000000
Major,Bug,sbanacho,0,6,359.0,38,0,1 days 23:03:36.225000000
Major,Improvement,sbanacho,0,4,244.0,35,1,2 days 22:42:21.122000000
Major,Improvement,cutting,1,2,1107.0,19,2,12 days 03:50:03.176000000
Major,Bug,massie,0,3,58.0,57,1,0 days 12:37:35.827000000
Major,Bug,sbanacho,0,1,348.0,45,0,13 days 21:37:14.555000000
Trivial,Improvement,sbanacho,0,2,70.0,52,0,3 days 21:53:09.687000000
Major,Improvement,cutting,0,1,0.0,31,0,1 days 22:21:13.840000000
Major,Improvement,cutting,0,2,564.0,59,0,0 days 23:39:29.695000000
Major,New Feature,cutting,0,4,259.0,40,0,6 days 04:34:06.615000000
Major,New Feature,cutting,0,5,459.0,21,2,3 days 01:29:00.021000000
Minor,Bug,cutting,0,1,180.0,73,0,0 days 00:03:52.577000000
Major,Bug,ehillenius,0,26,91.0,33,1,5 days 15:46:08.424000000
Major,New Feature,ehillenius,0,4,375.0,79,0,42 days 17:19:55.249000000
Trivial,Task,ehillenius,0,1,66.0,43,0,2 days 18:29:05.803000000
Major,Bug,ehillenius,0,3,478.0,59,0,37 days 17:43:40.615000000
Major,Wish,sbanacho,0,1,146.0,55,0,0 days 01:54:17.099000000
Major,Improvement,sbanacho,0,2,321.0,51,0,35 days 00:08:13.233000000
Major,Improvement,sbanacho,0,9,235.0,31,0,15 days 21:58:56.705000000
Major,Bug,sbanacho,0,2,358.0,21,0,0 days 03:22:13.061000000
Trivial,Improvement,ehillenius,0,4,304.0,47,0,38 days 05:26:01.761000000
Major,Bug,ehillenius,0,13,457.0,72,2,2 days 19:07:07.067000000
Major,Bug,ehillenius,0,7,700.0,64,2,9 days 07:57:41.027000000
Major,Bug,ehillenius,0,3,169.0,42,1,3 days 07:36:32.791000000
Major,New Feature,cutting,0,2,95.0,34,1,13 days 20:44:08.349000000
Major,Bug,cutting,0,4,374.0,46,2,4 days 01:19:41.955000000
Major,Improvement,cutting,0,4,181.0,57,0,0 days 05:28:40.511000000
Major,Bug,ravidotg,0,4,436.0,56,0,7 days 07:47:58.773000000
Major,Bug,cutting,0,4,39.0,28,0,11 days 17:10:36.063000000
Blocker,Bug,cutting,0,6,0.0,92,1,389 days 21:11:37.644000000
Major,Bug,thiru_mg,0,2,946.0,59,1,2 days 21:44:24.272000000
Major,Bug,raymie,0,1,429.0,35,1,3 days 06:26:07.209000000
Major,Improvement,cutting,0,2,147.0,56,1,26 days 03:57:15.256000000
Minor,Improvement,thiru_mg,0,6,290.0,60,0,5 days 13:39:47.954000000
Major,Test,cos,0,6,303.0,63,2,6 days 01:46:22.516000000
Major,Bug,sharadag,0,11,184.0,62,4,123 days 19:13:55.465000000
Major,Bug,thiru_mg,0,1,347.0,62,0,2 days 16:34:23.229000000
Major,Bug,sharadag,0,4,92.0,54,0,1 days 17:23:09.020000000
Major,Bug,massie,0,1,206.0,66,1,0 days 13:52:25.541000000
Major,Sub-task,gmporter,0,15,0.0,56,1,25 days 05:25:09.871000000
Major,Bug,raymie,0,9,830.0,43,2,186 days 07:42:46.825000000
Blocker,Bug,cutting,0,1,281.0,42,0,0 days 00:17:44.905000000
Major,Sub-task,massie,0,7,0.0,28,1,2 days 14:59:51.037000000
Major,Task,massie,0,1,66.0,24,1,11 days 02:29:32.017000000
Major,Improvement,sbanacho,0,7,239.0,51,0,11 days 04:22:43.214000000
Major,Sub-task,massie,0,1,83.0,46,1,0 days 22:24:41.712000000
Major,Sub-task,massie,0,1,201.0,79,1,1 days 11:22:25.242000000
Major,Improvement,massie,0,3,152.0,58,1,0 days 02:51:10.940000000
Major,Sub-task,gmporter,0,2,48.0,48,2,0 days 02:04:14.437000000
Major,New Feature,gmporter,0,16,141.0,55,2,1 days 01:21:15.457000000
Major,New Feature,cutting,0,4,80.0,38,2,16 days 01:48:18.182000000
Major,Bug,gmporter,0,7,218.0,60,1,7 days 19:29:05.327000000
Major,Improvement,cutting,0,1,730.0,58,0,63 days 02:29:00.727000000
Major,Improvement,sharadag,0,3,213.0,49,0,0 days 20:27:41.537000000
Major,Bug,thiru_mg,0,3,901.0,42,1,55 days 13:30:30.781000000
Major,Sub-task,massie,0,3,0.0,54,1,22 days 00:14:04.876000000
Major,Improvement,sbanacho,0,3,751.0,50,1,4 days 23:37:40.989000000
Major,New Feature,massie,0,13,356.0,17,2,3 days 17:36:05.039000000
Major,Improvement,cutting,0,3,342.0,57,0,3 days 23:10:31.356000000
Major,Improvement,cutting,0,2,359.0,28,2,0 days 22:33:53.511000000
Major,Improvement,cutting,0,1,209.0,23,1,0 days 21:00:55.551000000
Major,Improvement,cutting,0,2,117.0,21,1,31 days 07:10:57.082000000
Major,Improvement,cutting,0,3,49.0,32,1,0 days 23:20:56.679000000
Major,Bug,philip,0,1,84.0,33,2,1 days 12:10:59.667000000
Major,New Feature,philip,1,23,752.0,45,3,39 days 03:25:11.076000000
Major,Improvement,ijuma,0,6,402.0,26,2,12 days 23:18:48.556000000
Minor,Task,thiru_mg,0,1,99.0,87,0,2 days 17:41:27.454000000
Major,Bug,anomalizer,0,8,388.0,40,2,231 days 02:21:18.482000000
Major,Bug,sharadag,0,2,70.0,44,0,22 days 12:15:38.947000000
Major,Bug,sbanacho,0,2,328.0,42,0,0 days 17:19:13.559000000
Minor,Bug,cutting,0,3,184.0,41,0,0 days 05:02:35.573000000
Trivial,Bug,anomalizer,0,2,890.0,38,0,0 days 12:59:22.653000000
Minor,New Feature,sbanacho,0,7,990.0,8,1,1 days 00:34:14.568000000
Major,New Feature,cutting,0,5,99.0,58,2,93 days 00:18:39.378000000
Major,Bug,anomalizer,0,1,162.0,22,2,1 days 15:04:13.201000000
Major,Bug,sharadag,0,1,50.0,52,0,0 days 07:37:10.576000000
Major,Improvement,sharadag,0,2,24.0,22,0,0 days 08:43:13.947000000
Major,Improvement,massie,0,7,3065.0,40,1,3 days 19:50:37.242000000
Major,Bug,cutting,0,18,202.0,42,2,32 days 00:50:44.668000000
Major,Improvement,cwalters,0,2,83.0,24,1,7 days 03:42:08.037000000
Major,New Feature,massie,1,7,88.0,39,2,0 days 15:38:44.669000000
Major,Improvement,sharadag,0,7,78.0,53,1,20 days 09:02:49.530000000
Major,Bug,sharadag,0,3,92.0,59,0,0 days 08:52:49.982000000
Major,Bug,cutting,0,6,303.0,37,4,134 days 21:48:51.037000000
Major,Improvement,raymie,0,11,2090.0,52,2,44 days 06:17:46.741000000
Major,Improvement,sharadag,0,3,32.0,47,0,51 days 09:07:15.089000000
Major,New Feature,massie,0,20,3096.0,88,2,47 days 23:51:04.119000000
Major,Test,cos,0,19,397.0,57,2,16 days 23:48:10.188000000
Major,Improvement,raymie,0,15,1560.0,43,0,36 days 23:57:38.364000000
Major,Task,cutting,0,5,559.0,19,6,156 days 01:30:01.443000000
Major,Bug,raymie,0,13,583.0,48,2,41 days 07:40:18.598000000
Major,Improvement,cutting,0,3,372.0,56,0,18 days 20:45:43.985000000
Major,New Feature,cutting,0,2,85.0,24,0,81 days 02:14:13.286000000
Major,New Feature,cutting,0,10,39.0,13,0,25 days 03:33:15.192000000
Major,Improvement,cutting,0,6,158.0,24,0,17 days 23:36:10.920000000
Minor,Improvement,cutting,0,1,282.0,32,0,0 days 00:01:44.712000000
Major,Improvement,sharadag,0,3,0.0,50,0,6 days 17:27:38.952000000
Major,Bug,sharadag,0,3,85.0,52,0,0 days 10:34:22.138000000
Major,Improvement,sharadag,0,3,128.0,45,0,0 days 21:51:14.743000000
Major,Bug,hong.tang,0,8,116.0,39,0,38 days 16:10:27.829000000
Minor,Improvement,hong.tang,0,2,110.0,58,0,0 days 18:07:55.179000000
Major,Improvement,cutting,0,4,247.0,19,0,38 days 21:06:30.743000000
Major,Improvement,cutting,0,3,349.0,28,0,14 days 00:28:17.211000000
Major,Improvement,cutting,0,11,200.0,39,0,27 days 23:15:51.113000000
Major,Bug,hong.tang,0,1,486.0,37,0,1 days 15:25:02.085000000
Major,Improvement,hong.tang,0,16,535.0,103,0,3 days 04:10:30.932000000
Major,Test,sharadag,0,6,50.0,49,0,3 days 18:32:56.596000000
Major,Bug,phunt,0,2,501.0,36,0,3 days 22:51:55.964000000
Critical,Bug,phunt,0,4,263.0,54,0,0 days 03:17:01.682000000
Major,Improvement,cutting,0,7,204.0,22,1,53 days 20:29:14.909000000
Major,Bug,cutting,0,4,208.0,54,0,17 days 22:04:58.356000000
Major,Improvement,tomwhite,0,6,624.0,61,4,6 days 08:55:08.220000000
Major,Bug,eljefe6a,0,4,183.0,32,4,0 days 21:30:49.849000000
Minor,Bug,davidtaylor,0,5,151.0,34,4,3 days 00:18:05.876000000
Major,Bug,gjbaxter@mac.com,0,5,1226.0,51,4,4 days 01:21:49.069000000
Major,Bug,eljefe6a,0,6,279.0,33,5,11 days 20:32:00.561000000
Minor,New Feature,qwertymaniac,0,9,161.0,37,4,20 days 13:42:26.055000000
Trivial,Bug,davidtaylor,0,4,145.0,36,4,15 days 03:02:35.749000000
Major,Bug,davidtaylor,0,5,341.0,35,4,0 days 04:51:03.472000000
Major,Bug,aj987,0,6,207.0,37,4,0 days 23:49:28.394000000
Major,Improvement,cutting,0,5,85.0,23,3,1 days 03:16:35.127000000
Minor,Bug,robair,0,5,1793.0,42,4,3 days 21:00:17.930000000
Major,Improvement,eljefe6a,0,4,336.0,36,4,2 days 04:44:56.438000000
Major,Bug,ramanasv,0,10,328.0,39,5,5 days 01:00:27.791000000
Minor,Improvement,qwertymaniac,0,9,493.0,66,4,13 days 11:40:42.335000000
Major,New Feature,deepujain,0,11,2156.0,52,4,18 days 07:26:33.864000000
Major,Bug,ramanasv,0,6,258.0,64,4,24 days 03:14:36.141000000
Major,Improvement,drussel,0,9,520.0,29,5,21 days 23:47:17.569000000
Major,Bug,russell.jurney,0,1,1594.0,70,1,6 days 04:48:22.775000000
Minor,Improvement,tonyliu73,0,4,1013.0,84,3,0 days 02:34:25.094000000
Major,Bug,esammer,0,11,463.0,68,5,7 days 17:16:14.054000000
Major,New Feature,kryzthov,0,5,355.0,51,5,12 days 16:18:54.840000000
Major,Bug,adamcataldo,0,1,190.0,61,2,9 days 19:34:43.280000000
Major,Bug,zyoma,1,21,145.0,104,6,19 days 22:32:38.508000000
Minor,Bug,mristima,0,17,377.0,84,6,26 days 23:25:31.044000000
Major,Improvement,striderapache,0,7,304.0,46,4,29 days 11:23:11.000000000
Major,Test,robair,0,4,213.0,74,4,9 days 21:42:57.994000000
Minor,Improvement,robair,0,5,49.0,49,4,31 days 01:25:16.598000000
Minor,New Feature,robair,0,9,96.0,69,4,32 days 02:43:30.157000000
Minor,New Feature,robair,1,8,227.0,47,5,35 days 00:08:18.696000000
Minor,Improvement,david@carr.name,0,4,508.0,61,2,1 days 01:34:56.624000000
Major,Bug,hshreedharan,0,2,655.0,75,2,1 days 19:23:46.654000000
Blocker,Bug,balaji.seshadri,1,14,835.0,30,4,1 days 23:07:38.653000000
Major,New Feature,hshreedharan,0,18,243.0,57,5,20 days 23:34:06.028000000
Major,Bug,hshreedharan,0,18,355.0,76,5,8 days 02:40:49.088000000
Major,Bug,kryzthov,0,11,499.0,51,3,8 days 05:16:24.465000000
Major,Improvement,alexandre.normand,0,10,1045.0,94,5,28 days 06:17:04.499000000
Major,Bug,kryzthov,0,31,523.0,19,5,98 days 13:14:54.409000000
Minor,Bug,psangree,0,1,789.0,54,2,101 days 03:53:35.963000000
Major,Improvement,mteodoro,0,6,163.0,47,5,88 days 18:53:52.228000000
Major,Bug,graham sanderson,0,5,2996.0,144,4,9 days 21:50:49.208000000
Minor,Bug,julian.zhou,0,5,1164.0,139,5,1 days 11:43:57.143000000
Major,New Feature,njw45,0,9,524.0,14,4,67 days 04:54:55.655000000
Major,Bug,thinker0,0,3,3240.0,53,4,112 days 07:51:57.618000000
Major,Bug,kryzthov,0,15,0.0,70,6,8 days 03:12:55.287000000
Major,Bug,mchugh,0,5,766.0,80,4,17 days 06:15:56.318000000
Major,Bug,bw123,0,1,623.0,41,2,119 days 00:21:42.008000000
Major,Bug,btibi,0,6,531.0,35,2,126 days 01:30:51.966000000
Major,Improvement,facboy,0,1,113.0,44,1,0 days 16:45:38.171000000
Major,Bug,yahoo_build,0,5,940.0,103,5,146 days 15:04:02.026000000
Major,New Feature,mengxr,0,4,1032.0,73,2,22 days 03:10:01.436000000
Major,Bug,apaulsen,0,4,955.0,64,4,17 days 05:09:09.035000000
Major,Bug,kryzthov,0,5,95.0,49,4,30 days 18:24:18.845000000
Major,Improvement,llasram,0,14,317.0,59,4,20 days 05:41:01.327000000
Major,Improvement,cutting,0,6,145.0,66,3,7 days 01:52:14.924000000
Major,Bug,mwagner,1,23,211.0,33,9,183 days 19:14:18.831000000
Minor,Improvement,fsaintjacques,1,6,67.0,66,5,192 days 08:18:03.697000000
Major,New Feature,vince83,5,19,3289.0,67,6,71 days 09:24:13.119000000
Minor,Improvement,dmcintosh,0,17,359.0,34,4,174 days 02:03:21.581000000
Major,Improvement,scott_carey,0,24,148.0,27,3,82 days 01:51:51.699000000
Minor,Bug,trochee,2,29,829.0,70,6,7 days 22:44:00.615000000
Major,Improvement,scott_carey,0,7,166.0,55,3,1 days 08:41:32.460000000
Minor,Improvement,kryzthov,0,15,94.0,43,4,6 days 11:51:09.869000000
Major,Bug,trochee,0,9,813.0,62,3,13 days 21:41:28.371000000
Major,Bug,jbaldassari,0,8,6015.0,102,4,83 days 11:36:34.805000000
Minor,Improvement,romixlev,0,84,743.0,79,4,38 days 23:21:56.657000000
Minor,Improvement,alexandre.normand,0,47,577.0,98,5,26 days 23:16:03.804000000
Major,Improvement,brocknoland,0,8,46.0,47,4,345 days 17:00:45.737000000
Major,Bug,ssmith,1,7,5596.0,52,6,336 days 06:46:05.026000000
Minor,Improvement,pdlug,1,30,430.0,71,8,611 days 07:38:34.267000000
Major,New Feature,iocanel,0,27,249.0,20,6,737 days 17:47:17.585000000
Major,New Feature,hammer,4,51,0.0,17,11,773 days 09:41:41.627000000
Major,New Feature,patrickangeles,5,20,88.0,29,14,776 days 05:26:28.000000000
